University,Scholarship,Scholarship_Type,Conditions,Scholarship_Value,Source
จุฬาลงกรณ์มหาวิทยาลัย (Life Sci 1 - แพทย์/ทันต/สัตวแพทย์),ทุนอุดหนุนการศึกษาของมหาวิทยาลัย (หลักสูตรปริญญาตรี),ทุนขาดแคลนทุนทรัพย์ / ทุนอุดหนุนการศึกษา (ระดับปริญญาตรี),สำหรับนิสิตระดับปริญญาตรีที่ขาดแคลนทุนทรัพย์ ดูแลโดยฝ่ายทุนการศึกษาและบริการนิสิต สำนักบริหารกิจการนิสิต,ทุนอุดหนุนค่าใช้จ่ายการศึกษา (ตามประกาศแต่ละปี),https://www.sa.chula.ac.th/service/
จุฬาลงกรณ์มหาวิทยาลัย (Life Sci 2 - เภสัช/พยาบาล/สหเวช/จิตวิทยา),ทุนอุดหนุนการศึกษาของมหาวิทยาลัย (หลักสูตรปริญญาตรี),ทุนขาดแคลนทุนทรัพย์ / ทุนอุดหนุนการศึกษา (ระดับปริญญาตรี),สำหรับนิสิตระดับปริญญาตรีที่ขาดแคลนทุนทรัพย์ ดูแลโดยฝ่ายทุนการศึกษาและบริการนิสิต สำนักบริหารกิจการนิสิต,ทุนอุดหนุนค่าใช้จ่ายการศึกษา (ตามประกาศแต่ละปี),https://www.sa.chula.ac.th/service/
จุฬาลงกรณ์มหาวิทยาลัย (Physical Sci - วิทย์/วิศวะ/สถาปัตย์),ทุนอุดหนุนการศึกษาของมหาวิทยาลัย (หลักสูตรปริญญาตรี),ทุนขาดแคลนทุนทรัพย์ / ทุนอุดหนุนการศึกษา (ระดับปริญญาตรี),สำหรับนิสิตระดับปริญญาตรีที่ขาดแคลนทุนทรัพย์ ดูแลโดยฝ่ายทุนการศึกษาและบริการนิสิต สำนักบริหารกิจการนิสิต,ทุนอุดหนุนค่าใช้จ่ายการศึกษา (ตามประกาศแต่ละปี),https://www.sa.chula.ac.th/service/
จุฬาลงกรณ์มหาวิทยาลัย (Social Sci - บัญชี/รัฐ/นิเทศ/นิติ/เศรษฐ),ทุนอุดหนุนการศึกษาของมหาวิทยาลัย (หลักสูตรปริญญาตรี),ทุนขาดแคลนทุนทรัพย์ / ทุนอุดหนุนการศึกษา (ระดับปริญญาตรี),สำหรับนิสิตระดับปริญญาตรีที่ขาดแคลนทุนทรัพย์ ดูแลโดยฝ่ายทุนการศึกษาและบริการนิสิต สำนักบริหารกิจการนิสิต,ทุนอุดหนุนค่าใช้จ่ายการศึกษา (ตามประกาศแต่ละปี),https://www.sa.chula.ac.th/service/
จุฬาลงกรณ์มหาวิทยาลัย (Arts - อักษร/ศิลปกรรม),ทุนอุดหนุนการศึกษาของมหาวิทยาลัย (หลักสูตรปริญญาตรี),ทุนขาดแคลนทุนทรัพย์ / ทุนอุดหนุนการศึกษา (ระดับปริญญาตรี),สำหรับนิสิตระดับปริญญาตรีที่ขาดแคลนทุนทรัพย์ ดูแลโดยฝ่ายทุนการศึกษาและบริการนิสิต สำนักบริหารกิจการนิสิต,ทุนอุดหนุนค่าใช้จ่ายการศึกษา (ตามประกาศแต่ละปี),https://www.sa.chula.ac.th/service/
จุฬาลงกรณ์มหาวิทยาลัย (ป.โท Social Sci ไทย),ทุนอุดหนุนการศึกษาของมหาวิทยาลัย (หลักสูตรปริญญาตรี),ทุนขาดแคลนทุนทรัพย์ / ทุนอุดหนุนการศึกษา (ระดับปริญญาตรี),สำหรับนิสิตระดับปริญญาตรีที่ขาดแคลนทุนทรัพย์ ดูแลโดยฝ่ายทุนการศึกษาและบริการนิสิต สำนักบริหารกิจการนิสิต,ทุนอุดหนุนค่าใช้จ่ายการศึกษา (ตามประกาศแต่ละปี),https://www.sa.chula.ac.th/service/
จุฬาลงกรณ์มหาวิทยาลัย (BBA นานาชาติ - CBS),ทุนอุดหนุนการศึกษาของมหาวิทยาลัย (หลักสูตรปริญญาตรี),ทุนขาดแคลนทุนทรัพย์ / ทุนอุดหนุนการศึกษา (ระดับปริญญาตรี),สำหรับนิสิตระดับปริญญาตรีที่ขาดแคลนทุนทรัพย์ ดูแลโดยฝ่ายทุนการศึกษาและบริการนิสิต สำนักบริหารกิจการนิสิต,ทุนอุดหนุนค่าใช้จ่ายการศึกษา (ตามประกาศแต่ละปี),https://www.sa.chula.ac.th/service/
จุฬาลงกรณ์มหาวิทยาลัย (EBA Econ นานาชาติ),ทุนอุดหนุนการศึกษาของมหาวิทยาลัย (หลักสูตรปริญญาตรี),ทุนขาดแคลนทุนทรัพย์ / ทุนอุดหนุนการศึกษา (ระดับปริญญาตรี),สำหรับนิสิตระดับปริญญาตรีที่ขาดแคลนทุนทรัพย์ ดูแลโดยฝ่ายทุนการศึกษาและบริการนิสิต สำนักบริหารกิจการนิสิต,ทุนอุดหนุนค่าใช้จ่ายการศึกษา (ตามประกาศแต่ละปี),https://www.sa.chula.ac.th/service/
จุฬาลงกรณ์มหาวิทยาลัย (INDA สถาปัตย์นานาชาติ),ทุนอุดหนุนการศึกษาของมหาวิทยาลัย (หลักสูตรปริญญาตรี),ทุนขาดแคลนทุนทรัพย์ / ทุนอุดหนุนการศึกษา (ระดับปริญญาตรี),สำหรับนิสิตระดับปริญญาตรีที่ขาดแคลนทุนทรัพย์ ดูแลโดยฝ่ายทุนการศึกษาและบริการนิสิต สำนักบริหารกิจการนิสิต,ทุนอุดหนุนค่าใช้จ่ายการศึกษา (ตามประกาศแต่ละปี),https://www.sa.chula.ac.th/service/
จุฬาลงกรณ์มหาวิทยาลัย (Sasin MBA นานาชาติ),ทุนอุดหนุนการศึกษาของมหาวิทยาลัย (หลักสูตรปริญญาตรี),ทุนขาดแคลนทุนทรัพย์ / ทุนอุดหนุนการศึกษา (ระดับปริญญาตรี),สำหรับนิสิตระดับปริญญาตรีที่ขาดแคลนทุนทรัพย์ ดูแลโดยฝ่ายทุนการศึกษาและบริการนิสิต สำนักบริหารกิจการนิสิต,ทุนอุดหนุนค่าใช้จ่ายการศึกษา (ตามประกาศแต่ละปี),https://www.sa.chula.ac.th/service/
มหาวิทยาลัยมหิดล (แพทยศาสตร์ศิริราช/รามา),ทุนการศึกษามหาวิทยาลัยมหิดลสำหรับนักศึกษาที่ขาดแคลนทุนทรัพย์ - ประเภททุนต่อเนื่อง,ทุนขาดแคลนทุนทรัพย์ (ทุนต่อเนื่อง ระดับปริญญาตรี),เป็นนักศึกษาชั้นปีที่ 2 ขึ้นไป ทุกสาขาวิชา ไม่ใช่ชั้นปีสุดท้าย เกรดเฉลี่ยสะสมไม่ต่ำกว่า 2.25 (ถ้าต่ำกว่า 2.25 แต่ไม่น้อยกว่า 2.00 ต้องมีผลงานสร้างชื่อเสียงให้มหาวิทยาลัย),"50,000 บาทต่อปีการศึกษา",https://op.mahidol.ac.th/sa/scholarship-mu/
มหาวิทยาลัยมหิดล (แพทยศาสตร์ศิริราช/รามา),ทุนการศึกษามหาวิทยาลัยมหิดลสำหรับนักศึกษาที่ขาดแคลนทุนทรัพย์ - ประเภททุนรายปี,ทุนขาดแคลนทุนทรัพย์ (ทุนรายปี ระดับปริญญาตรี),เป็นนักศึกษาทุกชั้นปี ทุกสาขาวิชา เกรดเฉลี่ยสะสมไม่ต่ำกว่า 2.25 (ถ้าต่ำกว่า 2.25 แต่ไม่น้อยกว่า 2.00 ต้องมีผลงานสร้างชื่อเสียงให้มหาวิทยาลัย) รับสมัครช่วงสิงหาคม-กันยายนของทุกปี,"50,000 บาทต่อปีการศึกษา",https://op.mahidol.ac.th/sa/scholarship-mu/
มหาวิทยาลัยมหิดล (ทันตแพทย์/เภสัช/สัตวแพทย์),ทุนการศึกษามหาวิทยาลัยมหิดลสำหรับนักศึกษาที่ขาดแคลนทุนทรัพย์ - ประเภททุนต่อเนื่อง,ทุนขาดแคลนทุนทรัพย์ (ทุนต่อเนื่อง ระดับปริญญาตรี),เป็นนักศึกษาชั้นปีที่ 2 ขึ้นไป ทุกสาขาวิชา ไม่ใช่ชั้นปีสุดท้าย เกรดเฉลี่ยสะสมไม่ต่ำกว่า 2.25 (ถ้าต่ำกว่า 2.25 แต่ไม่น้อยกว่า 2.00 ต้องมีผลงานสร้างชื่อเสียงให้มหาวิทยาลัย),"50,000 บาทต่อปีการศึกษา",https://op.mahidol.ac.th/sa/scholarship-mu/
มหาวิทยาลัยมหิดล (ทันตแพทย์/เภสัช/สัตวแพทย์),ทุนการศึกษามหาวิทยาลัยมหิดลสำหรับนักศึกษาที่ขาดแคลนทุนทรัพย์ - ประเภททุนรายปี,ทุนขาดแคลนทุนทรัพย์ (ทุนรายปี ระดับปริญญาตรี),เป็นนักศึกษาทุกชั้นปี ทุกสาขาวิชา เกรดเฉลี่ยสะสมไม่ต่ำกว่า 2.25 (ถ้าต่ำกว่า 2.25 แต่ไม่น้อยกว่า 2.00 ต้องมีผลงานสร้างชื่อเสียงให้มหาวิทยาลัย) รับสมัครช่วงสิงหาคม-กันยายนของทุกปี,"50,000 บาทต่อปีการศึกษา",https://op.mahidol.ac.th/sa/scholarship-mu/
มหาวิทยาลัยมหิดล (วิศวะ/วิทย์/ICT),ทุนการศึกษามหาวิทยาลัยมหิดลสำหรับนักศึกษาที่ขาดแคลนทุนทรัพย์ - ประเภททุนต่อเนื่อง,ทุนขาดแคลนทุนทรัพย์ (ทุนต่อเนื่อง ระดับปริญญาตรี),เป็นนักศึกษาชั้นปีที่ 2 ขึ้นไป ทุกสาขาวิชา ไม่ใช่ชั้นปีสุดท้าย เกรดเฉลี่ยสะสมไม่ต่ำกว่า 2.25 (ถ้าต่ำกว่า 2.25 แต่ไม่น้อยกว่า 2.00 ต้องมีผลงานสร้างชื่อเสียงให้มหาวิทยาลัย),"50,000 บาทต่อปีการศึกษา",https://op.mahidol.ac.th/sa/scholarship-mu/
มหาวิทยาลัยมหิดล (วิศวะ/วิทย์/ICT),ทุนการศึกษามหาวิทยาลัยมหิดลสำหรับนักศึกษาที่ขาดแคลนทุนทรัพย์ - ประเภททุนรายปี,ทุนขาดแคลนทุนทรัพย์ (ทุนรายปี ระดับปริญญาตรี),เป็นนักศึกษาทุกชั้นปี ทุกสาขาวิชา เกรดเฉลี่ยสะสมไม่ต่ำกว่า 2.25 (ถ้าต่ำกว่า 2.25 แต่ไม่น้อยกว่า 2.00 ต้องมีผลงานสร้างชื่อเสียงให้มหาวิทยาลัย) รับสมัครช่วงสิงหาคม-กันยายนของทุกปี,"50,000 บาทต่อปีการศึกษา",https://op.mahidol.ac.th/sa/scholarship-mu/
มหาวิทยาลัยมหิดล (ศิลปศาสตร์/สังคม/บริหาร),ทุนการศึกษามหาวิทยาลัยมหิดลสำหรับนักศึกษาที่ขาดแคลนทุนทรัพย์ - ประเภททุนต่อเนื่อง,ทุนขาดแคลนทุนทรัพย์ (ทุนต่อเนื่อง ระดับปริญญาตรี),เป็นนักศึกษาชั้นปีที่ 2 ขึ้นไป ทุกสาขาวิชา ไม่ใช่ชั้นปีสุดท้าย เกรดเฉลี่ยสะสมไม่ต่ำกว่า 2.25 (ถ้าต่ำกว่า 2.25 แต่ไม่น้อยกว่า 2.00 ต้องมีผลงานสร้างชื่อเสียงให้มหาวิทยาลัย),"50,000 บาทต่อปีการศึกษา",https://op.mahidol.ac.th/sa/scholarship-mu/
มหาวิทยาลัยมหิดล (ศิลปศาสตร์/สังคม/บริหาร),ทุนการศึกษามหาวิทยาลัยมหิดลสำหรับนักศึกษาที่ขาดแคลนทุนทรัพย์ - ประเภททุนรายปี,ทุนขาดแคลนทุนทรัพย์ (ทุนรายปี ระดับปริญญาตรี),เป็นนักศึกษาทุกชั้นปี ทุกสาขาวิชา เกรดเฉลี่ยสะสมไม่ต่ำกว่า 2.25 (ถ้าต่ำกว่า 2.25 แต่ไม่น้อยกว่า 2.00 ต้องมีผลงานสร้างชื่อเสียงให้มหาวิทยาลัย) รับสมัครช่วงสิงหาคม-กันยายนของทุกปี,"50,000 บาทต่อปีการศึกษา",https://op.mahidol.ac.th/sa/scholarship-mu/
มหาวิทยาลัยมหิดล (MUIC - หลักสูตรนานาชาติ),ทุนการศึกษามหาวิทยาลัยมหิดลสำหรับนักศึกษาที่ขาดแคลนทุนทรัพย์ - ประเภททุนต่อเนื่อง,ทุนขาดแคลนทุนทรัพย์ (ทุนต่อเนื่อง ระดับปริญญาตรี),เป็นนักศึกษาชั้นปีที่ 2 ขึ้นไป ทุกสาขาวิชา ไม่ใช่ชั้นปีสุดท้าย เกรดเฉลี่ยสะสมไม่ต่ำกว่า 2.25 (ถ้าต่ำกว่า 2.25 แต่ไม่น้อยกว่า 2.00 ต้องมีผลงานสร้างชื่อเสียงให้มหาวิทยาลัย),"50,000 บาทต่อปีการศึกษา",https://op.mahidol.ac.th/sa/scholarship-mu/
มหาวิทยาลัยมหิดล (MUIC - หลักสูตรนานาชาติ),ทุนการศึกษามหาวิทยาลัยมหิดลสำหรับนักศึกษาที่ขาดแคลนทุนทรัพย์ - ประเภททุนรายปี,ทุนขาดแคลนทุนทรัพย์ (ทุนรายปี ระดับปริญญาตรี),เป็นนักศึกษาทุกชั้นปี ทุกสาขาวิชา เกรดเฉลี่ยสะสมไม่ต่ำกว่า 2.25 (ถ้าต่ำกว่า 2.25 แต่ไม่น้อยกว่า 2.00 ต้องมีผลงานสร้างชื่อเสียงให้มหาวิทยาลัย) รับสมัครช่วงสิงหาคม-กันยายนของทุกปี,"50,000 บาทต่อปีการศึกษา",https://op.mahidol.ac.th/sa/scholarship-mu/
มหาวิทยาลัยมหิดล (บัณฑิตศึกษาไทย),ทุนการศึกษามหาวิทยาลัยมหิดลสำหรับนักศึกษาที่ขาดแคลนทุนทรัพย์ - ประเภททุนต่อเนื่อง,ทุนขาดแคลนทุนทรัพย์ (ทุนต่อเนื่อง ระดับปริญญาตรี),เป็นนักศึกษาชั้นปีที่ 2 ขึ้นไป ทุกสาขาวิชา ไม่ใช่ชั้นปีสุดท้าย เกรดเฉลี่ยสะสมไม่ต่ำกว่า 2.25 (ถ้าต่ำกว่า 2.25 แต่ไม่น้อยกว่า 2.00 ต้องมีผลงานสร้างชื่อเสียงให้มหาวิทยาลัย),"50,000 บาทต่อปีการศึกษา",https://op.mahidol.ac.th/sa/scholarship-mu/
มหาวิทยาลัยมหิดล (บัณฑิตศึกษาไทย),ทุนการศึกษามหาวิทยาลัยมหิดลสำหรับนักศึกษาที่ขาดแคลนทุนทรัพย์ - ประเภททุนรายปี,ทุนขาดแคลนทุนทรัพย์ (ทุนรายปี ระดับปริญญาตรี),เป็นนักศึกษาทุกชั้นปี ทุกสาขาวิชา เกรดเฉลี่ยสะสมไม่ต่ำกว่า 2.25 (ถ้าต่ำกว่า 2.25 แต่ไม่น้อยกว่า 2.00 ต้องมีผลงานสร้างชื่อเสียงให้มหาวิทยาลัย) รับสมัครช่วงสิงหาคม-กันยายนของทุกปี,"50,000 บาทต่อปีการศึกษา",https://op.mahidol.ac.th/sa/scholarship-mu/
มหาวิทยาลัยธรรมศาสตร์ (แพทยศาสตร์),ทุนการศึกษา/ทุนกู้ยืมเพื่อการศึกษา กองกิจการนักศึกษา มธ.,ทุนสนับสนุนการศึกษา / ทุนกู้ยืมเพื่อการศึกษา (Education Fee Fund),บริการทุนการศึกษาและทุนกู้ยืมเพื่อการศึกษาสำหรับนักศึกษา ดูแลโดยกองกิจการนักศึกษา มหาวิทยาลัยธรรมศาสตร์,ตามประกาศแต่ละทุน,https://sa.tu.ac.th/
มหาวิทยาลัยธรรมศาสตร์ (แพทยศาสตร์),ทุน POSCO Asian Fellowship,ทุนสนับสนุนการศึกษาจากแหล่งทุนภายนอก (มอบผ่านคณะ),สำหรับนักศึกษาชั้นปีที่ 2-4 (ตามประกาศคณะวิทยาการเรียนรู้และศึกษาศาสตร์ ปีการศึกษา 2567),ตามประกาศของแหล่งทุน,https://lsed.tu.ac.th/scholarships
มหาวิทยาลัยธรรมศาสตร์ (ทันตแพทย์),ทุนการศึกษา/ทุนกู้ยืมเพื่อการศึกษา กองกิจการนักศึกษา มธ.,ทุนสนับสนุนการศึกษา / ทุนกู้ยืมเพื่อการศึกษา (Education Fee Fund),บริการทุนการศึกษาและทุนกู้ยืมเพื่อการศึกษาสำหรับนักศึกษา ดูแลโดยกองกิจการนักศึกษา มหาวิทยาลัยธรรมศาสตร์,ตามประกาศแต่ละทุน,https://sa.tu.ac.th/
มหาวิทยาลัยธรรมศาสตร์ (ทันตแพทย์),ทุน POSCO Asian Fellowship,ทุนสนับสนุนการศึกษาจากแหล่งทุนภายนอก (มอบผ่านคณะ),สำหรับนักศึกษาชั้นปีที่ 2-4 (ตามประกาศคณะวิทยาการเรียนรู้และศึกษาศาสตร์ ปีการศึกษา 2567),ตามประกาศของแหล่งทุน,https://lsed.tu.ac.th/scholarships
มหาวิทยาลัยธรรมศาสตร์ (เภสัชศาสตร์),ทุนการศึกษา/ทุนกู้ยืมเพื่อการศึกษา กองกิจการนักศึกษา มธ.,ทุนสนับสนุนการศึกษา / ทุนกู้ยืมเพื่อการศึกษา (Education Fee Fund),บริการทุนการศึกษาและทุนกู้ยืมเพื่อการศึกษาสำหรับนักศึกษา ดูแลโดยกองกิจการนักศึกษา มหาวิทยาลัยธรรมศาสตร์,ตามประกาศแต่ละทุน,https://sa.tu.ac.th/
มหาวิทยาลัยธรรมศาสตร์ (เภสัชศาสตร์),ทุน POSCO Asian Fellowship,ทุนสนับสนุนการศึกษาจากแหล่งทุนภายนอก (มอบผ่านคณะ),สำหรับนักศึกษาชั้นปีที่ 2-4 (ตามประกาศคณะวิทยาการเรียนรู้และศึกษาศาสตร์ ปีการศึกษา 2567),ตามประกาศของแหล่งทุน,https://lsed.tu.ac.th/scholarships
มหาวิทยาลัยธรรมศาสตร์ (วิศวกรรมศาสตร์),ทุนการศึกษา/ทุนกู้ยืมเพื่อการศึกษา กองกิจการนักศึกษา มธ.,ทุนสนับสนุนการศึกษา / ทุนกู้ยืมเพื่อการศึกษา (Education Fee Fund),บริการทุนการศึกษาและทุนกู้ยืมเพื่อการศึกษาสำหรับนักศึกษา ดูแลโดยกองกิจการนักศึกษา มหาวิทยาลัยธรรมศาสตร์,ตามประกาศแต่ละทุน,https://sa.tu.ac.th/
มหาวิทยาลัยธรรมศาสตร์ (วิศวกรรมศาสตร์),ทุน POSCO Asian Fellowship,ทุนสนับสนุนการศึกษาจากแหล่งทุนภายนอก (มอบผ่านคณะ),สำหรับนักศึกษาชั้นปีที่ 2-4 (ตามประกาศคณะวิทยาการเรียนรู้และศึกษาศาสตร์ ปีการศึกษา 2567),ตามประกาศของแหล่งทุน,https://lsed.tu.ac.th/scholarships
มหาวิทยาลัยธรรมศาสตร์ (วิทยาศาสตร์),ทุนการศึกษา/ทุนกู้ยืมเพื่อการศึกษา กองกิจการนักศึกษา มธ.,ทุนสนับสนุนการศึกษา / ทุนกู้ยืมเพื่อการศึกษา (Education Fee Fund),บริการทุนการศึกษาและทุนกู้ยืมเพื่อการศึกษาสำหรับนักศึกษา ดูแลโดยกองกิจการนักศึกษา มหาวิทยาลัยธรรมศาสตร์,ตามประกาศแต่ละทุน,https://sa.tu.ac.th/
มหาวิทยาลัยธรรมศาสตร์ (วิทยาศาสตร์),ทุน POSCO Asian Fellowship,ทุนสนับสนุนการศึกษาจากแหล่งทุนภายนอก (มอบผ่านคณะ),สำหรับนักศึกษาชั้นปีที่ 2-4 (ตามประกาศคณะวิทยาการเรียนรู้และศึกษาศาสตร์ ปีการศึกษา 2567),ตามประกาศของแหล่งทุน,https://lsed.tu.ac.th/scholarships
มหาวิทยาลัยธรรมศาสตร์ (พาณิชยศาสตร์/เศรษฐศาสตร์),ทุนการศึกษา/ทุนกู้ยืมเพื่อการศึกษา กองกิจการนักศึกษา มธ.,ทุนสนับสนุนการศึกษา / ทุนกู้ยืมเพื่อการศึกษา (Education Fee Fund),บริการทุนการศึกษาและทุนกู้ยืมเพื่อการศึกษาสำหรับนักศึกษา ดูแลโดยกองกิจการนักศึกษา มหาวิทยาลัยธรรมศาสตร์,ตามประกาศแต่ละทุน,https://sa.tu.ac.th/
มหาวิทยาลัยธรรมศาสตร์ (พาณิชยศาสตร์/เศรษฐศาสตร์),ทุน POSCO Asian Fellowship,ทุนสนับสนุนการศึกษาจากแหล่งทุนภายนอก (มอบผ่านคณะ),สำหรับนักศึกษาชั้นปีที่ 2-4 (ตามประกาศคณะวิทยาการเรียนรู้และศึกษาศาสตร์ ปีการศึกษา 2567),ตามประกาศของแหล่งทุน,https://lsed.tu.ac.th/scholarships
มหาวิทยาลัยธรรมศาสตร์ (นิติศาสตร์),ทุนการศึกษา/ทุนกู้ยืมเพื่อการศึกษา กองกิจการนักศึกษา มธ.,ทุนสนับสนุนการศึกษา / ทุนกู้ยืมเพื่อการศึกษา (Education Fee Fund),บริการทุนการศึกษาและทุนกู้ยืมเพื่อการศึกษาสำหรับนักศึกษา ดูแลโดยกองกิจการนักศึกษา มหาวิทยาลัยธรรมศาสตร์,ตามประกาศแต่ละทุน,https://sa.tu.ac.th/
มหาวิทยาลัยธรรมศาสตร์ (นิติศาสตร์),ทุน POSCO Asian Fellowship,ทุนสนับสนุนการศึกษาจากแหล่งทุนภายนอก (มอบผ่านคณะ),สำหรับนักศึกษาชั้นปีที่ 2-4 (ตามประกาศคณะวิทยาการเรียนรู้และศึกษาศาสตร์ ปีการศึกษา 2567),ตามประกาศของแหล่งทุน,https://lsed.tu.ac.th/scholarships
มหาวิทยาลัยธรรมศาสตร์ (รัฐศาสตร์),ทุนการศึกษา/ทุนกู้ยืมเพื่อการศึกษา กองกิจการนักศึกษา มธ.,ทุนสนับสนุนการศึกษา / ทุนกู้ยืมเพื่อการศึกษา (Education Fee Fund),บริการทุนการศึกษาและทุนกู้ยืมเพื่อการศึกษาสำหรับนักศึกษา ดูแลโดยกองกิจการนักศึกษา มหาวิทยาลัยธรรมศาสตร์,ตามประกาศแต่ละทุน,https://sa.tu.ac.th/
มหาวิทยาลัยธรรมศาสตร์ (รัฐศาสตร์),ทุน POSCO Asian Fellowship,ทุนสนับสนุนการศึกษาจากแหล่งทุนภายนอก (มอบผ่านคณะ),สำหรับนักศึกษาชั้นปีที่ 2-4 (ตามประกาศคณะวิทยาการเรียนรู้และศึกษาศาสตร์ ปีการศึกษา 2567),ตามประกาศของแหล่งทุน,https://lsed.tu.ac.th/scholarships
มหาวิทยาลัยธรรมศาสตร์ (วารสาร/สื่อสารมวลชน),ทุนการศึกษา/ทุนกู้ยืมเพื่อการศึกษา กองกิจการนักศึกษา มธ.,ทุนสนับสนุนการศึกษา / ทุนกู้ยืมเพื่อการศึกษา (Education Fee Fund),บริการทุนการศึกษาและทุนกู้ยืมเพื่อการศึกษาสำหรับนักศึกษา ดูแลโดยกองกิจการนักศึกษา มหาวิทยาลัยธรรมศาสตร์,ตามประกาศแต่ละทุน,https://sa.tu.ac.th/
มหาวิทยาลัยธรรมศาสตร์ (วารสาร/สื่อสารมวลชน),ทุน POSCO Asian Fellowship,ทุนสนับสนุนการศึกษาจากแหล่งทุนภายนอก (มอบผ่านคณะ),สำหรับนักศึกษาชั้นปีที่ 2-4 (ตามประกาศคณะวิทยาการเรียนรู้และศึกษาศาสตร์ ปีการศึกษา 2567),ตามประกาศของแหล่งทุน,https://lsed.tu.ac.th/scholarships
มหาวิทยาลัยธรรมศาสตร์ (ศิลปศาสตร์),ทุนการศึกษา/ทุนกู้ยืมเพื่อการศึกษา กองกิจการนักศึกษา มธ.,ทุนสนับสนุนการศึกษา / ทุนกู้ยืมเพื่อการศึกษา (Education Fee Fund),บริการทุนการศึกษาและทุนกู้ยืมเพื่อการศึกษาสำหรับนักศึกษา ดูแลโดยกองกิจการนักศึกษา มหาวิทยาลัยธรรมศาสตร์,ตามประกาศแต่ละทุน,https://sa.tu.ac.th/
มหาวิทยาลัยธรรมศาสตร์ (ศิลปศาสตร์),ทุน POSCO Asian Fellowship,ทุนสนับสนุนการศึกษาจากแหล่งทุนภายนอก (มอบผ่านคณะ),สำหรับนักศึกษาชั้นปีที่ 2-4 (ตามประกาศคณะวิทยาการเรียนรู้และศึกษาศาสตร์ ปีการศึกษา 2567),ตามประกาศของแหล่งทุน,https://lsed.tu.ac.th/scholarships
มหาวิทยาลัยธรรมศาสตร์ (BBA นานาชาติ - TBS),ทุนการศึกษา/ทุนกู้ยืมเพื่อการศึกษา กองกิจการนักศึกษา มธ.,ทุนสนับสนุนการศึกษา / ทุนกู้ยืมเพื่อการศึกษา (Education Fee Fund),บริการทุนการศึกษาและทุนกู้ยืมเพื่อการศึกษาสำหรับนักศึกษา ดูแลโดยกองกิจการนักศึกษา มหาวิทยาลัยธรรมศาสตร์,ตามประกาศแต่ละทุน,https://sa.tu.ac.th/
มหาวิทยาลัยธรรมศาสตร์ (BBA นานาชาติ - TBS),ทุน POSCO Asian Fellowship,ทุนสนับสนุนการศึกษาจากแหล่งทุนภายนอก (มอบผ่านคณะ),สำหรับนักศึกษาชั้นปีที่ 2-4 (ตามประกาศคณะวิทยาการเรียนรู้และศึกษาศาสตร์ ปีการศึกษา 2567),ตามประกาศของแหล่งทุน,https://lsed.tu.ac.th/scholarships
มหาวิทยาลัยธรรมศาสตร์ (BE Econ นานาชาติ),ทุนการศึกษา/ทุนกู้ยืมเพื่อการศึกษา กองกิจการนักศึกษา มธ.,ทุนสนับสนุนการศึกษา / ทุนกู้ยืมเพื่อการศึกษา (Education Fee Fund),บริการทุนการศึกษาและทุนกู้ยืมเพื่อการศึกษาสำหรับนักศึกษา ดูแลโดยกองกิจการนักศึกษา มหาวิทยาลัยธรรมศาสตร์,ตามประกาศแต่ละทุน,https://sa.tu.ac.th/
มหาวิทยาลัยธรรมศาสตร์ (BE Econ นานาชาติ),ทุน POSCO Asian Fellowship,ทุนสนับสนุนการศึกษาจากแหล่งทุนภายนอก (มอบผ่านคณะ),สำหรับนักศึกษาชั้นปีที่ 2-4 (ตามประกาศคณะวิทยาการเรียนรู้และศึกษาศาสตร์ ปีการศึกษา 2567),ตามประกาศของแหล่งทุน,https://lsed.tu.ac.th/scholarships
มหาวิทยาลัยธรรมศาสตร์ (IMBA นานาชาติ),ทุนการศึกษา/ทุนกู้ยืมเพื่อการศึกษา กองกิจการนักศึกษา มธ.,ทุนสนับสนุนการศึกษา / ทุนกู้ยืมเพื่อการศึกษา (Education Fee Fund),บริการทุนการศึกษาและทุนกู้ยืมเพื่อการศึกษาสำหรับนักศึกษา ดูแลโดยกองกิจการนักศึกษา มหาวิทยาลัยธรรมศาสตร์,ตามประกาศแต่ละทุน,https://sa.tu.ac.th/
มหาวิทยาลัยธรรมศาสตร์ (IMBA นานาชาติ),ทุน POSCO Asian Fellowship,ทุนสนับสนุนการศึกษาจากแหล่งทุนภายนอก (มอบผ่านคณะ),สำหรับนักศึกษาชั้นปีที่ 2-4 (ตามประกาศคณะวิทยาการเรียนรู้และศึกษาศาสตร์ ปีการศึกษา 2567),ตามประกาศของแหล่งทุน,https://lsed.tu.ac.th/scholarships
มหาวิทยาลัยเกษตรศาสตร์ (สัตวแพทย์/วนศาสตร์),ทุนอุดหนุนการศึกษา กองกิจการนิสิต มก.,ทุนอุดหนุนการศึกษา / ทุนสวัสดิการนิสิต,กองกิจการนิสิตจัดบริการและสวัสดิการทุนการศึกษาแก่นิสิต รวมถึงการรับสมัครทุนอุดหนุนการศึกษาสำหรับนิสิต (ยื่นแบบแสดงความจำนงพร้อมใบเสร็จ KU2/ใบแจ้งหนี้ KU9),ตามประกาศแต่ละทุน,https://sa1.ku.ac.th/
มหาวิทยาลัยเกษตรศาสตร์ (วิศวะ/วิทย์),ทุนอุดหนุนการศึกษา กองกิจการนิสิต มก.,ทุนอุดหนุนการศึกษา / ทุนสวัสดิการนิสิต,กองกิจการนิสิตจัดบริการและสวัสดิการทุนการศึกษาแก่นิสิต รวมถึงการรับสมัครทุนอุดหนุนการศึกษาสำหรับนิสิต (ยื่นแบบแสดงความจำนงพร้อมใบเสร็จ KU2/ใบแจ้งหนี้ KU9),ตามประกาศแต่ละทุน,https://sa1.ku.ac.th/
มหาวิทยาลัยเกษตรศาสตร์ (บริหาร/เศรษฐ/สังคม),ทุนอุดหนุนการศึกษา กองกิจการนิสิต มก.,ทุนอุดหนุนการศึกษา / ทุนสวัสดิการนิสิต,กองกิจการนิสิตจัดบริการและสวัสดิการทุนการศึกษาแก่นิสิต รวมถึงการรับสมัครทุนอุดหนุนการศึกษาสำหรับนิสิต (ยื่นแบบแสดงความจำนงพร้อมใบเสร็จ KU2/ใบแจ้งหนี้ KU9),ตามประกาศแต่ละทุน,https://sa1.ku.ac.th/
มหาวิทยาลัยเกษตรศาสตร์ (บัณฑิตศึกษา),ทุนอุดหนุนการศึกษา กองกิจการนิสิต มก.,ทุนอุดหนุนการศึกษา / ทุนสวัสดิการนิสิต,กองกิจการนิสิตจัดบริการและสวัสดิการทุนการศึกษาแก่นิสิต รวมถึงการรับสมัครทุนอุดหนุนการศึกษาสำหรับนิสิต (ยื่นแบบแสดงความจำนงพร้อมใบเสร็จ KU2/ใบแจ้งหนี้ KU9),ตามประกาศแต่ละทุน,https://sa1.ku.ac.th/
มหาวิทยาลัยเกษตรศาสตร์ (KU Intl วิศวะการบิน),ทุนอุดหนุนการศึกษา กองกิจการนิสิต มก.,ทุนอุดหนุนการศึกษา / ทุนสวัสดิการนิสิต,กองกิจการนิสิตจัดบริการและสวัสดิการทุนการศึกษาแก่นิสิต รวมถึงการรับสมัครทุนอุดหนุนการศึกษาสำหรับนิสิต (ยื่นแบบแสดงความจำนงพร้อมใบเสร็จ KU2/ใบแจ้งหนี้ KU9),ตามประกาศแต่ละทุน,https://sa1.ku.ac.th/
มหาวิทยาลัยขอนแก่น (แพทย์/ทันตแพทย์),ทุนการศึกษามหาวิทยาลัยขอนแก่น ประเภท ก,ทุนขาดแคลนทุนทรัพย์ (ประเภท ก),ทุนสำหรับนักศึกษาตามประกาศมหาวิทยาลัยขอนแก่น ฉบับที่ 2248/2567 และ 2250/2567 ผู้รับทุนต้องบันทึกกิจกรรมจิตอาสา ดูแลโดยกองพัฒนานักศึกษาและศิษย์เก่าสัมพันธ์,ตามประกาศ (ทุนช่วยเหลือค่าใช้จ่ายการศึกษา),https://sac.kku.ac.th/scholarships
มหาวิทยาลัยขอนแก่น (แพทย์/ทันตแพทย์),ทุนการศึกษามหาวิทยาลัยขอนแก่น ประเภท ข,ทุนช่วยเหลือ/ทุนทำงานแลกเปลี่ยน (ประเภท ข),ทุนตามประกาศมหาวิทยาลัยขอนแก่น ฉบับที่ 2249/2567 ต้องแนบแบบฟอร์มความเห็นอาจารย์ที่ปรึกษา ดูแลโดยกองพัฒนานักศึกษาและศิษย์เก่าสัมพันธ์,ตามประกาศ,https://sac.kku.ac.th/scholarships
มหาวิทยาลัยขอนแก่น (วิศวะ/วิทย์),ทุนการศึกษามหาวิทยาลัยขอนแก่น ประเภท ก,ทุนขาดแคลนทุนทรัพย์ (ประเภท ก),ทุนสำหรับนักศึกษาตามประกาศมหาวิทยาลัยขอนแก่น ฉบับที่ 2248/2567 และ 2250/2567 ผู้รับทุนต้องบันทึกกิจกรรมจิตอาสา ดูแลโดยกองพัฒนานักศึกษาและศิษย์เก่าสัมพันธ์,ตามประกาศ (ทุนช่วยเหลือค่าใช้จ่ายการศึกษา),https://sac.kku.ac.th/scholarships
มหาวิทยาลัยขอนแก่น (วิศวะ/วิทย์),ทุนการศึกษามหาวิทยาลัยขอนแก่น ประเภท ข,ทุนช่วยเหลือ/ทุนทำงานแลกเปลี่ยน (ประเภท ข),ทุนตามประกาศมหาวิทยาลัยขอนแก่น ฉบับที่ 2249/2567 ต้องแนบแบบฟอร์มความเห็นอาจารย์ที่ปรึกษา ดูแลโดยกองพัฒนานักศึกษาและศิษย์เก่าสัมพันธ์,ตามประกาศ,https://sac.kku.ac.th/scholarships
มหาวิทยาลัยขอนแก่น (มนุษย์/สังคม/บริหาร),ทุนการศึกษามหาวิทยาลัยขอนแก่น ประเภท ก,ทุนขาดแคลนทุนทรัพย์ (ประเภท ก),ทุนสำหรับนักศึกษาตามประกาศมหาวิทยาลัยขอนแก่น ฉบับที่ 2248/2567 และ 2250/2567 ผู้รับทุนต้องบันทึกกิจกรรมจิตอาสา ดูแลโดยกองพัฒนานักศึกษาและศิษย์เก่าสัมพันธ์,ตามประกาศ (ทุนช่วยเหลือค่าใช้จ่ายการศึกษา),https://sac.kku.ac.th/scholarships
มหาวิทยาลัยขอนแก่น (มนุษย์/สังคม/บริหาร),ทุนการศึกษามหาวิทยาลัยขอนแก่น ประเภท ข,ทุนช่วยเหลือ/ทุนทำงานแลกเปลี่ยน (ประเภท ข),ทุนตามประกาศมหาวิทยาลัยขอนแก่น ฉบับที่ 2249/2567 ต้องแนบแบบฟอร์มความเห็นอาจารย์ที่ปรึกษา ดูแลโดยกองพัฒนานักศึกษาและศิษย์เก่าสัมพันธ์,ตามประกาศ,https://sac.kku.ac.th/scholarships
มหาวิทยาลัยขอนแก่น (บัณฑิตศึกษา),ทุนการศึกษามหาวิทยาลัยขอนแก่น ประเภท ก,ทุนขาดแคลนทุนทรัพย์ (ประเภท ก),ทุนสำหรับนักศึกษาตามประกาศมหาวิทยาลัยขอนแก่น ฉบับที่ 2248/2567 และ 2250/2567 ผู้รับทุนต้องบันทึกกิจกรรมจิตอาสา ดูแลโดยกองพัฒนานักศึกษาและศิษย์เก่าสัมพันธ์,ตามประกาศ (ทุนช่วยเหลือค่าใช้จ่ายการศึกษา),https://sac.kku.ac.th/scholarships
มหาวิทยาลัยขอนแก่น (บัณฑิตศึกษา),ทุนการศึกษามหาวิทยาลัยขอนแก่น ประเภท ข,ทุนช่วยเหลือ/ทุนทำงานแลกเปลี่ยน (ประเภท ข),ทุนตามประกาศมหาวิทยาลัยขอนแก่น ฉบับที่ 2249/2567 ต้องแนบแบบฟอร์มความเห็นอาจารย์ที่ปรึกษา ดูแลโดยกองพัฒนานักศึกษาและศิษย์เก่าสัมพันธ์,ตามประกาศ,https://sac.kku.ac.th/scholarships
มหาวิทยาลัยเชียงใหม่ (แพทย์/ทันต/สัตวแพทย์),ทุนช้างเผือก (คณะกรรมการส่งเสริมมหาวิทยาลัยเชียงใหม่),ทุนการศึกษาช่วยเหลือนักศึกษา (มอบผ่านกองพัฒนานักศึกษา),ทุนการศึกษาที่จัดสรรให้นักศึกษามหาวิทยาลัยเชียงใหม่ผ่านกองพัฒนานักศึกษา (ประจำปีการศึกษา 2568),ตามประกาศแต่ละปี,https://sdd.oop.cmu.ac.th/
มหาวิทยาลัยเชียงใหม่ (วิศวะ/วิทย์),ทุนช้างเผือก (คณะกรรมการส่งเสริมมหาวิทยาลัยเชียงใหม่),ทุนการศึกษาช่วยเหลือนักศึกษา (มอบผ่านกองพัฒนานักศึกษา),ทุนการศึกษาที่จัดสรรให้นักศึกษามหาวิทยาลัยเชียงใหม่ผ่านกองพัฒนานักศึกษา (ประจำปีการศึกษา 2568),ตามประกาศแต่ละปี,https://sdd.oop.cmu.ac.th/
มหาวิทยาลัยเชียงใหม่ (สังคม/มนุษย์),ทุนช้างเผือก (คณะกรรมการส่งเสริมมหาวิทยาลัยเชียงใหม่),ทุนการศึกษาช่วยเหลือนักศึกษา (มอบผ่านกองพัฒนานักศึกษา),ทุนการศึกษาที่จัดสรรให้นักศึกษามหาวิทยาลัยเชียงใหม่ผ่านกองพัฒนานักศึกษา (ประจำปีการศึกษา 2568),ตามประกาศแต่ละปี,https://sdd.oop.cmu.ac.th/
มหาวิทยาลัยเชียงใหม่ (บัณฑิตศึกษา),ทุนช้างเผือก (คณะกรรมการส่งเสริมมหาวิทยาลัยเชียงใหม่),ทุนการศึกษาช่วยเหลือนักศึกษา (มอบผ่านกองพัฒนานักศึกษา),ทุนการศึกษาที่จัดสรรให้นักศึกษามหาวิทยาลัยเชียงใหม่ผ่านกองพัฒนานักศึกษา (ประจำปีการศึกษา 2568),ตามประกาศแต่ละปี,https://sdd.oop.cmu.ac.th/
มหาวิทยาลัยเชียงใหม่ (CMU Intl),ทุนช้างเผือก (คณะกรรมการส่งเสริมมหาวิทยาลัยเชียงใหม่),ทุนการศึกษาช่วยเหลือนักศึกษา (มอบผ่านกองพัฒนานักศึกษา),ทุนการศึกษาที่จัดสรรให้นักศึกษามหาวิทยาลัยเชียงใหม่ผ่านกองพัฒนานักศึกษา (ประจำปีการศึกษา 2568),ตามประกาศแต่ละปี,https://sdd.oop.cmu.ac.th/
มหาวิทยาลัยสงขลานครินทร์ (แพทย์/ทันตแพทย์),ทุนบัณฑิตศึกษาสงขลานครินทร์,ทุนบัณฑิตศึกษา (ระดับปริญญาโท-เอก),ทุนสำหรับนักศึกษาระดับบัณฑิตศึกษา ดูแลโดยบัณฑิตวิทยาลัย มหาวิทยาลัยสงขลานครินทร์,ตามประกาศของทุน,https://grad.psu.ac.th/scholarship/
มหาวิทยาลัยสงขลานครินทร์ (แพทย์/ทันตแพทย์),ทุนอุดหนุนการวิจัยเพื่อวิทยานิพนธ์,ทุนวิจัย/บัณฑิตศึกษา,ทุนสนับสนุนการทำวิทยานิพนธ์สำหรับนักศึกษาระดับบัณฑิตศึกษา บัณฑิตวิทยาลัย ม.อ.,ตามประกาศของทุน,https://grad.psu.ac.th/scholarship/
มหาวิทยาลัยสงขลานครินทร์ (วิศวะ/วิทย์),ทุนบัณฑิตศึกษาสงขลานครินทร์,ทุนบัณฑิตศึกษา (ระดับปริญญาโท-เอก),ทุนสำหรับนักศึกษาระดับบัณฑิตศึกษา ดูแลโดยบัณฑิตวิทยาลัย มหาวิทยาลัยสงขลานครินทร์,ตามประกาศของทุน,https://grad.psu.ac.th/scholarship/
มหาวิทยาลัยสงขลานครินทร์ (วิศวะ/วิทย์),ทุนอุดหนุนการวิจัยเพื่อวิทยานิพนธ์,ทุนวิจัย/บัณฑิตศึกษา,ทุนสนับสนุนการทำวิทยานิพนธ์สำหรับนักศึกษาระดับบัณฑิตศึกษา บัณฑิตวิทยาลัย ม.อ.,ตามประกาศของทุน,https://grad.psu.ac.th/scholarship/
มหาวิทยาลัยสงขลานครินทร์ (สังคม/บริหาร/มนุษย์),ทุนบัณฑิตศึกษาสงขลานครินทร์,ทุนบัณฑิตศึกษา (ระดับปริญญาโท-เอก),ทุนสำหรับนักศึกษาระดับบัณฑิตศึกษา ดูแลโดยบัณฑิตวิทยาลัย มหาวิทยาลัยสงขลานครินทร์,ตามประกาศของทุน,https://grad.psu.ac.th/scholarship/
มหาวิทยาลัยสงขลานครินทร์ (สังคม/บริหาร/มนุษย์),ทุนอุดหนุนการวิจัยเพื่อวิทยานิพนธ์,ทุนวิจัย/บัณฑิตศึกษา,ทุนสนับสนุนการทำวิทยานิพนธ์สำหรับนักศึกษาระดับบัณฑิตศึกษา บัณฑิตวิทยาลัย ม.อ.,ตามประกาศของทุน,https://grad.psu.ac.th/scholarship/
มหาวิทยาลัยสงขลานครินทร์ (บัณฑิตศึกษา),ทุนบัณฑิตศึกษาสงขลานครินทร์,ทุนบัณฑิตศึกษา (ระดับปริญญาโท-เอก),ทุนสำหรับนักศึกษาระดับบัณฑิตศึกษา ดูแลโดยบัณฑิตวิทยาลัย มหาวิทยาลัยสงขลานครินทร์,ตามประกาศของทุน,https://grad.psu.ac.th/scholarship/
มหาวิทยาลัยสงขลานครินทร์ (บัณฑิตศึกษา),ทุนอุดหนุนการวิจัยเพื่อวิทยานิพนธ์,ทุนวิจัย/บัณฑิตศึกษา,ทุนสนับสนุนการทำวิทยานิพนธ์สำหรับนักศึกษาระดับบัณฑิตศึกษา บัณฑิตวิทยาลัย ม.อ.,ตามประกาศของทุน,https://grad.psu.ac.th/scholarship/
มหาวิทยาลัยศรีนครินทรวิโรฒ (แพทย์),ทุนการศึกษา มศว (ส่วนกิจการนิสิต),ทุนการศึกษาช่วยเหลือนิสิต (ขาดแคลนทุนทรัพย์/สนับสนุนการศึกษา),สำหรับนิสิตที่ขาดแคลนโอกาสทางการศึกษา ดูแลโดยส่วนกิจการนิสิต สำนักงานอธิการบดี มหาวิทยาลัยศรีนครินทรวิโรฒ,ตามประกาศแต่ละทุน,https://studentaffairs.op.swu.ac.th/scholarship
มหาวิทยาลัยศรีนครินทรวิโรฒ (ทันตแพทย์),ทุนการศึกษา มศว (ส่วนกิจการนิสิต),ทุนการศึกษาช่วยเหลือนิสิต (ขาดแคลนทุนทรัพย์/สนับสนุนการศึกษา),สำหรับนิสิตที่ขาดแคลนโอกาสทางการศึกษา ดูแลโดยส่วนกิจการนิสิต สำนักงานอธิการบดี มหาวิทยาลัยศรีนครินทรวิโรฒ,ตามประกาศแต่ละทุน,https://studentaffairs.op.swu.ac.th/scholarship
มหาวิทยาลัยศรีนครินทรวิโรฒ (เภสัชศาสตร์),ทุนการศึกษา มศว (ส่วนกิจการนิสิต),ทุนการศึกษาช่วยเหลือนิสิต (ขาดแคลนทุนทรัพย์/สนับสนุนการศึกษา),สำหรับนิสิตที่ขาดแคลนโอกาสทางการศึกษา ดูแลโดยส่วนกิจการนิสิต สำนักงานอธิการบดี มหาวิทยาลัยศรีนครินทรวิโรฒ,ตามประกาศแต่ละทุน,https://studentaffairs.op.swu.ac.th/scholarship
มหาวิทยาลัยศรีนครินทรวิโรฒ (วิศวกรรม),ทุนการศึกษา มศว (ส่วนกิจการนิสิต),ทุนการศึกษาช่วยเหลือนิสิต (ขาดแคลนทุนทรัพย์/สนับสนุนการศึกษา),สำหรับนิสิตที่ขาดแคลนโอกาสทางการศึกษา ดูแลโดยส่วนกิจการนิสิต สำนักงานอธิการบดี มหาวิทยาลัยศรีนครินทรวิโรฒ,ตามประกาศแต่ละทุน,https://studentaffairs.op.swu.ac.th/scholarship
มหาวิทยาลัยศรีนครินทรวิโรฒ (วิทย์/ศึกษาศาสตร์/สังคม),ทุนการศึกษา มศว (ส่วนกิจการนิสิต),ทุนการศึกษาช่วยเหลือนิสิต (ขาดแคลนทุนทรัพย์/สนับสนุนการศึกษา),สำหรับนิสิตที่ขาดแคลนโอกาสทางการศึกษา ดูแลโดยส่วนกิจการนิสิต สำนักงานอธิการบดี มหาวิทยาลัยศรีนครินทรวิโรฒ,ตามประกาศแต่ละทุน,https://studentaffairs.op.swu.ac.th/scholarship
มหาวิทยาลัยศรีนครินทรวิโรฒ (บัณฑิตศึกษา),ทุนการศึกษา มศว (ส่วนกิจการนิสิต),ทุนการศึกษาช่วยเหลือนิสิต (ขาดแคลนทุนทรัพย์/สนับสนุนการศึกษา),สำหรับนิสิตที่ขาดแคลนโอกาสทางการศึกษา ดูแลโดยส่วนกิจการนิสิต สำนักงานอธิการบดี มหาวิทยาลัยศรีนครินทรวิโรฒ,ตามประกาศแต่ละทุน,https://studentaffairs.op.swu.ac.th/scholarship
KMITL ลาดกระบัง (วิศวกรรมศาสตร์),ทุนการศึกษา สจล. (สำนักงานกิจการนักศึกษาและศิษย์เก่าสัมพันธ์ - OSDA),"ทุนการศึกษาภายในและทุนจากหน่วยงานภายนอก (เช่น ทุน HONDA, ทุนธนาคารแห่งประเทศไทย)",งานบริการและสวัสดิการนักศึกษาจัดสรรทุนการศึกษาให้นักศึกษา สจล. รวมถึงรับสมัครทุนจากหน่วยงานภายนอก,ตามประกาศแต่ละทุน,https://osda.kmitl.ac.th/
KMITL ลาดกระบัง (สถาปัตย์/วิทย์),ทุนการศึกษา สจล. (สำนักงานกิจการนักศึกษาและศิษย์เก่าสัมพันธ์ - OSDA),"ทุนการศึกษาภายในและทุนจากหน่วยงานภายนอก (เช่น ทุน HONDA, ทุนธนาคารแห่งประเทศไทย)",งานบริการและสวัสดิการนักศึกษาจัดสรรทุนการศึกษาให้นักศึกษา สจล. รวมถึงรับสมัครทุนจากหน่วยงานภายนอก,ตามประกาศแต่ละทุน,https://osda.kmitl.ac.th/
KMITL ลาดกระบัง (ครุศาสตร์อุตสาหกรรม),ทุนการศึกษา สจล. (สำนักงานกิจการนักศึกษาและศิษย์เก่าสัมพันธ์ - OSDA),"ทุนการศึกษาภายในและทุนจากหน่วยงานภายนอก (เช่น ทุน HONDA, ทุนธนาคารแห่งประเทศไทย)",งานบริการและสวัสดิการนักศึกษาจัดสรรทุนการศึกษาให้นักศึกษา สจล. รวมถึงรับสมัครทุนจากหน่วยงานภายนอก,ตามประกาศแต่ละทุน,https://osda.kmitl.ac.th/
KMITL ลาดกระบัง (Intl Program),ทุนการศึกษา สจล. (สำนักงานกิจการนักศึกษาและศิษย์เก่าสัมพันธ์ - OSDA),"ทุนการศึกษาภายในและทุนจากหน่วยงานภายนอก (เช่น ทุน HONDA, ทุนธนาคารแห่งประเทศไทย)",งานบริการและสวัสดิการนักศึกษาจัดสรรทุนการศึกษาให้นักศึกษา สจล. รวมถึงรับสมัครทุนจากหน่วยงานภายนอก,ตามประกาศแต่ละทุน,https://osda.kmitl.ac.th/
KMITL ลาดกระบัง (บัณฑิตศึกษา),ทุนการศึกษา สจล. (สำนักงานกิจการนักศึกษาและศิษย์เก่าสัมพันธ์ - OSDA),"ทุนการศึกษาภายในและทุนจากหน่วยงานภายนอก (เช่น ทุน HONDA, ทุนธนาคารแห่งประเทศไทย)",งานบริการและสวัสดิการนักศึกษาจัดสรรทุนการศึกษาให้นักศึกษา สจล. รวมถึงรับสมัครทุนจากหน่วยงานภายนอก,ตามประกาศแต่ละทุน,https://osda.kmitl.ac.th/
KMUTT บางมด (วิศวกรรมศาสตร์),ทุนการศึกษาเพชรพระจอมเกล้า ระดับปริญญาตรี,ทุนเรียนดี/ความสามารถเป็นเลิศ (ระดับปริญญาตรี),สนับสนุนนักศึกษาที่มีความสามารถทั้งด้านวิชาการและความสามารถเฉพาะด้าน ตามระยะเวลาการศึกษาในหลักสูตร,"ค่าเล่าเรียนตามหลักสูตร + ค่าครองชีพรายเดือน 4,000 บาท/เดือน",https://www.kmutt.ac.th/sfa/list-scholarships/
KMUTT บางมด (วิศวกรรมศาสตร์),ทุนการศึกษาธรรมรักษา,ทุนขยายโอกาสทางการศึกษา (ขาดแคลน/พื้นที่ห่างไกล),สำหรับนักศึกษาที่ไม่มีบุคคลในครอบครัวสำเร็จการศึกษาระดับอุดมศึกษา หรือมีภูมิลำเนาในพื้นที่ทุรกันดารห่างไกล รับสมัครโดยการเสนอชื่อจากคณะ/ภาควิชา,"ค่าเล่าเรียนตามหลักสูตร + ค่าครองชีพ 4,000 บาท/เดือน + ค่าอุปกรณ์ 10,000 บาท/ปี + สิทธิ์พักหอพักใน มจธ.",https://www.kmutt.ac.th/sfa/list-scholarships/
KMUTT บางมด (วิศวกรรมศาสตร์),ทุนการศึกษาเพชรพระจอมเกล้า ดุษฎีบัณฑิต,ทุนวิจัย/บัณฑิตศึกษา (ระดับปริญญาเอก),จูงใจให้นักศึกษาทุ่มเทเวลาให้การศึกษาระดับปริญญาเอกและทำวิจัยภายใต้การดูแลของคณาจารย์/กลุ่มวิจัย,"ค่าเล่าเรียนตามหลักสูตร + ค่าครองชีพ 18,000 บาท/เดือน + เงินอุดหนุนวิจัยตลอดหลักสูตร 150,000 บาท",https://www.kmutt.ac.th/sfa/list-scholarships/
KMUTT บางมด (วิทย์/สถาปัตย์),ทุนการศึกษาเพชรพระจอมเกล้า ระดับปริญญาตรี,ทุนเรียนดี/ความสามารถเป็นเลิศ (ระดับปริญญาตรี),สนับสนุนนักศึกษาที่มีความสามารถทั้งด้านวิชาการและความสามารถเฉพาะด้าน ตามระยะเวลาการศึกษาในหลักสูตร,"ค่าเล่าเรียนตามหลักสูตร + ค่าครองชีพรายเดือน 4,000 บาท/เดือน",https://www.kmutt.ac.th/sfa/list-scholarships/
KMUTT บางมด (วิทย์/สถาปัตย์),ทุนการศึกษาธรรมรักษา,ทุนขยายโอกาสทางการศึกษา (ขาดแคลน/พื้นที่ห่างไกล),สำหรับนักศึกษาที่ไม่มีบุคคลในครอบครัวสำเร็จการศึกษาระดับอุดมศึกษา หรือมีภูมิลำเนาในพื้นที่ทุรกันดารห่างไกล รับสมัครโดยการเสนอชื่อจากคณะ/ภาควิชา,"ค่าเล่าเรียนตามหลักสูตร + ค่าครองชีพ 4,000 บาท/เดือน + ค่าอุปกรณ์ 10,000 บาท/ปี + สิทธิ์พักหอพักใน มจธ.",https://www.kmutt.ac.th/sfa/list-scholarships/
KMUTT บางมด (วิทย์/สถาปัตย์),ทุนการศึกษาเพชรพระจอมเกล้า ดุษฎีบัณฑิต,ทุนวิจัย/บัณฑิตศึกษา (ระดับปริญญาเอก),จูงใจให้นักศึกษาทุ่มเทเวลาให้การศึกษาระดับปริญญาเอกและทำวิจัยภายใต้การดูแลของคณาจารย์/กลุ่มวิจัย,"ค่าเล่าเรียนตามหลักสูตร + ค่าครองชีพ 18,000 บาท/เดือน + เงินอุดหนุนวิจัยตลอดหลักสูตร 150,000 บาท",https://www.kmutt.ac.th/sfa/list-scholarships/
KMUTT บางมด (KMUTT IC นานาชาติ),ทุนการศึกษาเพชรพระจอมเกล้า ระดับปริญญาตรี,ทุนเรียนดี/ความสามารถเป็นเลิศ (ระดับปริญญาตรี),สนับสนุนนักศึกษาที่มีความสามารถทั้งด้านวิชาการและความสามารถเฉพาะด้าน ตามระยะเวลาการศึกษาในหลักสูตร,"ค่าเล่าเรียนตามหลักสูตร + ค่าครองชีพรายเดือน 4,000 บาท/เดือน",https://www.kmutt.ac.th/sfa/list-scholarships/
KMUTT บางมด (KMUTT IC นานาชาติ),ทุนการศึกษาธรรมรักษา,ทุนขยายโอกาสทางการศึกษา (ขาดแคลน/พื้นที่ห่างไกล),สำหรับนักศึกษาที่ไม่มีบุคคลในครอบครัวสำเร็จการศึกษาระดับอุดมศึกษา หรือมีภูมิลำเนาในพื้นที่ทุรกันดารห่างไกล รับสมัครโดยการเสนอชื่อจากคณะ/ภาควิชา,"ค่าเล่าเรียนตามหลักสูตร + ค่าครองชีพ 4,000 บาท/เดือน + ค่าอุปกรณ์ 10,000 บาท/ปี + สิทธิ์พักหอพักใน มจธ.",https://www.kmutt.ac.th/sfa/list-scholarships/
KMUTT บางมด (KMUTT IC นานาชาติ),ทุนการศึกษาเพชรพระจอมเกล้า ดุษฎีบัณฑิต,ทุนวิจัย/บัณฑิตศึกษา (ระดับปริญญาเอก),จูงใจให้นักศึกษาทุ่มเทเวลาให้การศึกษาระดับปริญญาเอกและทำวิจัยภายใต้การดูแลของคณาจารย์/กลุ่มวิจัย,"ค่าเล่าเรียนตามหลักสูตร + ค่าครองชีพ 18,000 บาท/เดือน + เงินอุดหนุนวิจัยตลอดหลักสูตร 150,000 บาท",https://www.kmutt.ac.th/sfa/list-scholarships/
KMUTT บางมด (บัณฑิตศึกษา),ทุนการศึกษาเพชรพระจอมเกล้า ระดับปริญญาตรี,ทุนเรียนดี/ความสามารถเป็นเลิศ (ระดับปริญญาตรี),สนับสนุนนักศึกษาที่มีความสามารถทั้งด้านวิชาการและความสามารถเฉพาะด้าน ตามระยะเวลาการศึกษาในหลักสูตร,"ค่าเล่าเรียนตามหลักสูตร + ค่าครองชีพรายเดือน 4,000 บาท/เดือน",https://www.kmutt.ac.th/sfa/list-scholarships/
KMUTT บางมด (บัณฑิตศึกษา),ทุนการศึกษาธรรมรักษา,ทุนขยายโอกาสทางการศึกษา (ขาดแคลน/พื้นที่ห่างไกล),สำหรับนักศึกษาที่ไม่มีบุคคลในครอบครัวสำเร็จการศึกษาระดับอุดมศึกษา หรือมีภูมิลำเนาในพื้นที่ทุรกันดารห่างไกล รับสมัครโดยการเสนอชื่อจากคณะ/ภาควิชา,"ค่าเล่าเรียนตามหลักสูตร + ค่าครองชีพ 4,000 บาท/เดือน + ค่าอุปกรณ์ 10,000 บาท/ปี + สิทธิ์พักหอพักใน มจธ.",https://www.kmutt.ac.th/sfa/list-scholarships/
KMUTT บางมด (บัณฑิตศึกษา),ทุนการศึกษาเพชรพระจอมเกล้า ดุษฎีบัณฑิต,ทุนวิจัย/บัณฑิตศึกษา (ระดับปริญญาเอก),จูงใจให้นักศึกษาทุ่มเทเวลาให้การศึกษาระดับปริญญาเอกและทำวิจัยภายใต้การดูแลของคณาจารย์/กลุ่มวิจัย,"ค่าเล่าเรียนตามหลักสูตร + ค่าครองชีพ 18,000 บาท/เดือน + เงินอุดหนุนวิจัยตลอดหลักสูตร 150,000 บาท",https://www.kmutt.ac.th/sfa/list-scholarships/
KMUTNB มจพ. (วิศวกรรมศาสตร์),ทุนการศึกษา มจพ. (กลุ่มงานสวัสดิการนักศึกษา / กองทุนช่วยเหลือนักศึกษา),ทุนขาดแคลนทุนทรัพย์ และทุนจากหน่วยงานภายนอก,ช่วยเหลือนักศึกษาที่มีความจำเป็นทางการเงิน/ขาดแคลนทุนทรัพย์ ตามระเบียบกองทุนช่วยเหลือนักศึกษา มจพ. พ.ศ. 2566 และกองทุนสนับสนุนการศึกษาเพื่อผู้ด้อยโอกาส,ตามประกาศแต่ละทุน,https://sa.op.kmutnb.ac.th/scholarship/
KMUTNB มจพ. (สังคม/บริหาร),ทุนการศึกษา มจพ. (กลุ่มงานสวัสดิการนักศึกษา / กองทุนช่วยเหลือนักศึกษา),ทุนขาดแคลนทุนทรัพย์ และทุนจากหน่วยงานภายนอก,ช่วยเหลือนักศึกษาที่มีความจำเป็นทางการเงิน/ขาดแคลนทุนทรัพย์ ตามระเบียบกองทุนช่วยเหลือนักศึกษา มจพ. พ.ศ. 2566 และกองทุนสนับสนุนการศึกษาเพื่อผู้ด้อยโอกาส,ตามประกาศแต่ละทุน,https://sa.op.kmutnb.ac.th/scholarship/
KMUTNB มจพ. (บัณฑิตศึกษา),ทุนการศึกษา มจพ. (กลุ่มงานสวัสดิการนักศึกษา / กองทุนช่วยเหลือนักศึกษา),ทุนขาดแคลนทุนทรัพย์ และทุนจากหน่วยงานภายนอก,ช่วยเหลือนักศึกษาที่มีความจำเป็นทางการเงิน/ขาดแคลนทุนทรัพย์ ตามระเบียบกองทุนช่วยเหลือนักศึกษา มจพ. พ.ศ. 2566 และกองทุนสนับสนุนการศึกษาเพื่อผู้ด้อยโอกาส,ตามประกาศแต่ละทุน,https://sa.op.kmutnb.ac.th/scholarship/
มหาวิทยาลัยศิลปากร (แพทย์/ทันต/เภสัช),ทุนการศึกษาแบบต่อเนื่องมหาวิทยาลัยศิลปากร,ทุนขาดแคลนทุนทรัพย์ (ทุนต่อเนื่อง ระดับปริญญาตรี),เป็นนักศึกษาระดับปริญญาตรี ขาดแคลนทุนทรัพย์ ผลการเรียนเฉลี่ยสะสมไม่ต่ำกว่า 2.00 ดูแลโดยกองกิจการนักศึกษา มหาวิทยาลัยศิลปากร,ทุนสนับสนุนต่อเนื่องจนจบหลักสูตร (ตามประกาศ),https://dsa.su.ac.th/
มหาวิทยาลัยศิลปากร (จิตรกรรม/มัณฑน/สถาปัตย์),ทุนการศึกษาแบบต่อเนื่องมหาวิทยาลัยศิลปากร,ทุนขาดแคลนทุนทรัพย์ (ทุนต่อเนื่อง ระดับปริญญาตรี),เป็นนักศึกษาระดับปริญญาตรี ขาดแคลนทุนทรัพย์ ผลการเรียนเฉลี่ยสะสมไม่ต่ำกว่า 2.00 ดูแลโดยกองกิจการนักศึกษา มหาวิทยาลัยศิลปากร,ทุนสนับสนุนต่อเนื่องจนจบหลักสูตร (ตามประกาศ),https://dsa.su.ac.th/
มหาวิทยาลัยศิลปากร (วิทย์/วิศวกรรม),ทุนการศึกษาแบบต่อเนื่องมหาวิทยาลัยศิลปากร,ทุนขาดแคลนทุนทรัพย์ (ทุนต่อเนื่อง ระดับปริญญาตรี),เป็นนักศึกษาระดับปริญญาตรี ขาดแคลนทุนทรัพย์ ผลการเรียนเฉลี่ยสะสมไม่ต่ำกว่า 2.00 ดูแลโดยกองกิจการนักศึกษา มหาวิทยาลัยศิลปากร,ทุนสนับสนุนต่อเนื่องจนจบหลักสูตร (ตามประกาศ),https://dsa.su.ac.th/
มหาวิทยาลัยศิลปากร (อักษร/ศึกษาศาสตร์),ทุนการศึกษาแบบต่อเนื่องมหาวิทยาลัยศิลปากร,ทุนขาดแคลนทุนทรัพย์ (ทุนต่อเนื่อง ระดับปริญญาตรี),เป็นนักศึกษาระดับปริญญาตรี ขาดแคลนทุนทรัพย์ ผลการเรียนเฉลี่ยสะสมไม่ต่ำกว่า 2.00 ดูแลโดยกองกิจการนักศึกษา มหาวิทยาลัยศิลปากร,ทุนสนับสนุนต่อเนื่องจนจบหลักสูตร (ตามประกาศ),https://dsa.su.ac.th/
มหาวิทยาลัยศิลปากร (บัณฑิตศึกษา),ทุนการศึกษาแบบต่อเนื่องมหาวิทยาลัยศิลปากร,ทุนขาดแคลนทุนทรัพย์ (ทุนต่อเนื่อง ระดับปริญญาตรี),เป็นนักศึกษาระดับปริญญาตรี ขาดแคลนทุนทรัพย์ ผลการเรียนเฉลี่ยสะสมไม่ต่ำกว่า 2.00 ดูแลโดยกองกิจการนักศึกษา มหาวิทยาลัยศิลปากร,ทุนสนับสนุนต่อเนื่องจนจบหลักสูตร (ตามประกาศ),https://dsa.su.ac.th/
มหาวิทยาลัยบูรพา (แพทยศาสตร์),ทุนการศึกษา/ทุนช่วยเหลือ กองกิจการนิสิต ม.บูรพา,ทุนช่วยเหลือ/สวัสดิการนิสิต และทุนกู้ยืม (กยศ./กรอ.),กองกิจการนิสิตจัดบริการทุนช่วยเหลือ ทุนกู้ยืมเพื่อการศึกษา (กยศ./กรอ.) และสวัสดิการแก่นิสิตมหาวิทยาลัยบูรพา,ตามประกาศแต่ละทุน,http://nisithome.buu.ac.th/
มหาวิทยาลัยบูรพา (แพทยศาสตร์),ทุนการศึกษาคณะแพทยศาสตร์ มหาวิทยาลัยบูรพา (สำหรับนิสิตขาดแคลนทุนทรัพย์),ทุนขาดแคลนทุนทรัพย์ (ระดับคณะ),งานบริหารงานกิจการนิสิต คณะแพทยศาสตร์ จัดสรรเงินรายได้ของคณะเพื่อมอบให้นิสิตที่ขาดแคลนทุนทรัพย์ โดยมีคุณสมบัติตามที่กำหนด,ตามประกาศของคณะ,https://med.buu.ac.th/affairs/bursary.php
มหาวิทยาลัยบูรพา (เภสัชศาสตร์),ทุนการศึกษา/ทุนช่วยเหลือ กองกิจการนิสิต ม.บูรพา,ทุนช่วยเหลือ/สวัสดิการนิสิต และทุนกู้ยืม (กยศ./กรอ.),กองกิจการนิสิตจัดบริการทุนช่วยเหลือ ทุนกู้ยืมเพื่อการศึกษา (กยศ./กรอ.) และสวัสดิการแก่นิสิตมหาวิทยาลัยบูรพา,ตามประกาศแต่ละทุน,http://nisithome.buu.ac.th/
มหาวิทยาลัยบูรพา (เภสัชศาสตร์),ทุนการศึกษาคณะแพทยศาสตร์ มหาวิทยาลัยบูรพา (สำหรับนิสิตขาดแคลนทุนทรัพย์),ทุนขาดแคลนทุนทรัพย์ (ระดับคณะ),งานบริหารงานกิจการนิสิต คณะแพทยศาสตร์ จัดสรรเงินรายได้ของคณะเพื่อมอบให้นิสิตที่ขาดแคลนทุนทรัพย์ โดยมีคุณสมบัติตามที่กำหนด,ตามประกาศของคณะ,https://med.buu.ac.th/affairs/bursary.php
มหาวิทยาลัยบูรพา (พยาบาล),ทุนการศึกษา/ทุนช่วยเหลือ กองกิจการนิสิต ม.บูรพา,ทุนช่วยเหลือ/สวัสดิการนิสิต และทุนกู้ยืม (กยศ./กรอ.),กองกิจการนิสิตจัดบริการทุนช่วยเหลือ ทุนกู้ยืมเพื่อการศึกษา (กยศ./กรอ.) และสวัสดิการแก่นิสิตมหาวิทยาลัยบูรพา,ตามประกาศแต่ละทุน,http://nisithome.buu.ac.th/
มหาวิทยาลัยบูรพา (พยาบาล),ทุนการศึกษาคณะแพทยศาสตร์ มหาวิทยาลัยบูรพา (สำหรับนิสิตขาดแคลนทุนทรัพย์),ทุนขาดแคลนทุนทรัพย์ (ระดับคณะ),งานบริหารงานกิจการนิสิต คณะแพทยศาสตร์ จัดสรรเงินรายได้ของคณะเพื่อมอบให้นิสิตที่ขาดแคลนทุนทรัพย์ โดยมีคุณสมบัติตามที่กำหนด,ตามประกาศของคณะ,https://med.buu.ac.th/affairs/bursary.php
มหาวิทยาลัยบูรพา (วิศวกรรมศาสตร์),ทุนการศึกษา/ทุนช่วยเหลือ กองกิจการนิสิต ม.บูรพา,ทุนช่วยเหลือ/สวัสดิการนิสิต และทุนกู้ยืม (กยศ./กรอ.),กองกิจการนิสิตจัดบริการทุนช่วยเหลือ ทุนกู้ยืมเพื่อการศึกษา (กยศ./กรอ.) และสวัสดิการแก่นิสิตมหาวิทยาลัยบูรพา,ตามประกาศแต่ละทุน,http://nisithome.buu.ac.th/
มหาวิทยาลัยบูรพา (วิศวกรรมศาสตร์),ทุนการศึกษาคณะแพทยศาสตร์ มหาวิทยาลัยบูรพา (สำหรับนิสิตขาดแคลนทุนทรัพย์),ทุนขาดแคลนทุนทรัพย์ (ระดับคณะ),งานบริหารงานกิจการนิสิต คณะแพทยศาสตร์ จัดสรรเงินรายได้ของคณะเพื่อมอบให้นิสิตที่ขาดแคลนทุนทรัพย์ โดยมีคุณสมบัติตามที่กำหนด,ตามประกาศของคณะ,https://med.buu.ac.th/affairs/bursary.php
มหาวิทยาลัยบูรพา (วิทยาศาสตร์),ทุนการศึกษา/ทุนช่วยเหลือ กองกิจการนิสิต ม.บูรพา,ทุนช่วยเหลือ/สวัสดิการนิสิต และทุนกู้ยืม (กยศ./กรอ.),กองกิจการนิสิตจัดบริการทุนช่วยเหลือ ทุนกู้ยืมเพื่อการศึกษา (กยศ./กรอ.) และสวัสดิการแก่นิสิตมหาวิทยาลัยบูรพา,ตามประกาศแต่ละทุน,http://nisithome.buu.ac.th/
มหาวิทยาลัยบูรพา (วิทยาศาสตร์),ทุนการศึกษาคณะแพทยศาสตร์ มหาวิทยาลัยบูรพา (สำหรับนิสิตขาดแคลนทุนทรัพย์),ทุนขาดแคลนทุนทรัพย์ (ระดับคณะ),งานบริหารงานกิจการนิสิต คณะแพทยศาสตร์ จัดสรรเงินรายได้ของคณะเพื่อมอบให้นิสิตที่ขาดแคลนทุนทรัพย์ โดยมีคุณสมบัติตามที่กำหนด,ตามประกาศของคณะ,https://med.buu.ac.th/affairs/bursary.php
มหาวิทยาลัยบูรพา (สังคม/รัฐ/นิติ),ทุนการศึกษา/ทุนช่วยเหลือ กองกิจการนิสิต ม.บูรพา,ทุนช่วยเหลือ/สวัสดิการนิสิต และทุนกู้ยืม (กยศ./กรอ.),กองกิจการนิสิตจัดบริการทุนช่วยเหลือ ทุนกู้ยืมเพื่อการศึกษา (กยศ./กรอ.) และสวัสดิการแก่นิสิตมหาวิทยาลัยบูรพา,ตามประกาศแต่ละทุน,http://nisithome.buu.ac.th/
มหาวิทยาลัยบูรพา (สังคม/รัฐ/นิติ),ทุนการศึกษาคณะแพทยศาสตร์ มหาวิทยาลัยบูรพา (สำหรับนิสิตขาดแคลนทุนทรัพย์),ทุนขาดแคลนทุนทรัพย์ (ระดับคณะ),งานบริหารงานกิจการนิสิต คณะแพทยศาสตร์ จัดสรรเงินรายได้ของคณะเพื่อมอบให้นิสิตที่ขาดแคลนทุนทรัพย์ โดยมีคุณสมบัติตามที่กำหนด,ตามประกาศของคณะ,https://med.buu.ac.th/affairs/bursary.php
มหาวิทยาลัยบูรพา (บริหารธุรกิจ/บัญชี),ทุนการศึกษา/ทุนช่วยเหลือ กองกิจการนิสิต ม.บูรพา,ทุนช่วยเหลือ/สวัสดิการนิสิต และทุนกู้ยืม (กยศ./กรอ.),กองกิจการนิสิตจัดบริการทุนช่วยเหลือ ทุนกู้ยืมเพื่อการศึกษา (กยศ./กรอ.) และสวัสดิการแก่นิสิตมหาวิทยาลัยบูรพา,ตามประกาศแต่ละทุน,http://nisithome.buu.ac.th/
มหาวิทยาลัยบูรพา (บริหารธุรกิจ/บัญชี),ทุนการศึกษาคณะแพทยศาสตร์ มหาวิทยาลัยบูรพา (สำหรับนิสิตขาดแคลนทุนทรัพย์),ทุนขาดแคลนทุนทรัพย์ (ระดับคณะ),งานบริหารงานกิจการนิสิต คณะแพทยศาสตร์ จัดสรรเงินรายได้ของคณะเพื่อมอบให้นิสิตที่ขาดแคลนทุนทรัพย์ โดยมีคุณสมบัติตามที่กำหนด,ตามประกาศของคณะ,https://med.buu.ac.th/affairs/bursary.php
มหาวิทยาลัยบูรพา (บัณฑิตศึกษา),ทุนการศึกษา/ทุนช่วยเหลือ กองกิจการนิสิต ม.บูรพา,ทุนช่วยเหลือ/สวัสดิการนิสิต และทุนกู้ยืม (กยศ./กรอ.),กองกิจการนิสิตจัดบริการทุนช่วยเหลือ ทุนกู้ยืมเพื่อการศึกษา (กยศ./กรอ.) และสวัสดิการแก่นิสิตมหาวิทยาลัยบูรพา,ตามประกาศแต่ละทุน,http://nisithome.buu.ac.th/
มหาวิทยาลัยบูรพา (บัณฑิตศึกษา),ทุนการศึกษาคณะแพทยศาสตร์ มหาวิทยาลัยบูรพา (สำหรับนิสิตขาดแคลนทุนทรัพย์),ทุนขาดแคลนทุนทรัพย์ (ระดับคณะ),งานบริหารงานกิจการนิสิต คณะแพทยศาสตร์ จัดสรรเงินรายได้ของคณะเพื่อมอบให้นิสิตที่ขาดแคลนทุนทรัพย์ โดยมีคุณสมบัติตามที่กำหนด,ตามประกาศของคณะ,https://med.buu.ac.th/affairs/bursary.php
มหาวิทยาลัยมหาสารคาม (แพทย์),ทุนภูมิพล,ทุนพระราชทาน/ทุนเรียนดีความประพฤติดี (ระดับปริญญาตรี),รับสมัครนิสิตเพื่อคัดเลือกรับทุน 'ทุนภูมิพล' ประจำปีการศึกษา 2568 ผ่านระบบบริหารจัดการทุนการศึกษา มมส,ตามประกาศแต่ละปี,https://ss.msu.ac.th/pages/apply.php
มหาวิทยาลัยมหาสารคาม (แพทย์),ทุนนักกีฬา,ทุนกีฬา (รายปี ระดับปริญญาตรี),นิสิตปริญญาตรีทุกชั้นปี เกรดเฉลี่ยสะสมไม่ต่ำกว่า 2.25 มีผลงานด้านกีฬาหรือศิลปวัฒนธรรมเป็นที่ประจักษ์ ความประพฤติเรียบร้อย,"จำนวน 40 ทุน ทุนละ 5,000 บาท",https://ss.msu.ac.th/pages/apply.php
มหาวิทยาลัยมหาสารคาม (แพทย์),ทุนส่งเสริมนักกิจกรรม,ทุนกิจกรรม (รายปี ระดับปริญญาตรี),นิสิตปริญญาตรีทุกชั้นปี เกรดเฉลี่ยสะสมไม่ต่ำกว่า 2.25 มีผลงานด้านกิจกรรมนิสิต เป็นผู้นำองค์กรนิสิต/ผู้รับผิดชอบโครงการ ความประพฤติเรียบร้อย,"จำนวน 40 ทุน ทุนละ 5,000 บาท",https://ss.msu.ac.th/pages/apply.php
มหาวิทยาลัยมหาสารคาม (เภสัช/สัตวแพทย์),ทุนภูมิพล,ทุนพระราชทาน/ทุนเรียนดีความประพฤติดี (ระดับปริญญาตรี),รับสมัครนิสิตเพื่อคัดเลือกรับทุน 'ทุนภูมิพล' ประจำปีการศึกษา 2568 ผ่านระบบบริหารจัดการทุนการศึกษา มมส,ตามประกาศแต่ละปี,https://ss.msu.ac.th/pages/apply.php
มหาวิทยาลัยมหาสารคาม (เภสัช/สัตวแพทย์),ทุนนักกีฬา,ทุนกีฬา (รายปี ระดับปริญญาตรี),นิสิตปริญญาตรีทุกชั้นปี เกรดเฉลี่ยสะสมไม่ต่ำกว่า 2.25 มีผลงานด้านกีฬาหรือศิลปวัฒนธรรมเป็นที่ประจักษ์ ความประพฤติเรียบร้อย,"จำนวน 40 ทุน ทุนละ 5,000 บาท",https://ss.msu.ac.th/pages/apply.php
มหาวิทยาลัยมหาสารคาม (เภสัช/สัตวแพทย์),ทุนส่งเสริมนักกิจกรรม,ทุนกิจกรรม (รายปี ระดับปริญญาตรี),นิสิตปริญญาตรีทุกชั้นปี เกรดเฉลี่ยสะสมไม่ต่ำกว่า 2.25 มีผลงานด้านกิจกรรมนิสิต เป็นผู้นำองค์กรนิสิต/ผู้รับผิดชอบโครงการ ความประพฤติเรียบร้อย,"จำนวน 40 ทุน ทุนละ 5,000 บาท",https://ss.msu.ac.th/pages/apply.php
มหาวิทยาลัยมหาสารคาม (พยาบาล),ทุนภูมิพล,ทุนพระราชทาน/ทุนเรียนดีความประพฤติดี (ระดับปริญญาตรี),รับสมัครนิสิตเพื่อคัดเลือกรับทุน 'ทุนภูมิพล' ประจำปีการศึกษา 2568 ผ่านระบบบริหารจัดการทุนการศึกษา มมส,ตามประกาศแต่ละปี,https://ss.msu.ac.th/pages/apply.php
มหาวิทยาลัยมหาสารคาม (พยาบาล),ทุนนักกีฬา,ทุนกีฬา (รายปี ระดับปริญญาตรี),นิสิตปริญญาตรีทุกชั้นปี เกรดเฉลี่ยสะสมไม่ต่ำกว่า 2.25 มีผลงานด้านกีฬาหรือศิลปวัฒนธรรมเป็นที่ประจักษ์ ความประพฤติเรียบร้อย,"จำนวน 40 ทุน ทุนละ 5,000 บาท",https://ss.msu.ac.th/pages/apply.php
มหาวิทยาลัยมหาสารคาม (พยาบาล),ทุนส่งเสริมนักกิจกรรม,ทุนกิจกรรม (รายปี ระดับปริญญาตรี),นิสิตปริญญาตรีทุกชั้นปี เกรดเฉลี่ยสะสมไม่ต่ำกว่า 2.25 มีผลงานด้านกิจกรรมนิสิต เป็นผู้นำองค์กรนิสิต/ผู้รับผิดชอบโครงการ ความประพฤติเรียบร้อย,"จำนวน 40 ทุน ทุนละ 5,000 บาท",https://ss.msu.ac.th/pages/apply.php
มหาวิทยาลัยมหาสารคาม (วิศวกรรม),ทุนภูมิพล,ทุนพระราชทาน/ทุนเรียนดีความประพฤติดี (ระดับปริญญาตรี),รับสมัครนิสิตเพื่อคัดเลือกรับทุน 'ทุนภูมิพล' ประจำปีการศึกษา 2568 ผ่านระบบบริหารจัดการทุนการศึกษา มมส,ตามประกาศแต่ละปี,https://ss.msu.ac.th/pages/apply.php
มหาวิทยาลัยมหาสารคาม (วิศวกรรม),ทุนนักกีฬา,ทุนกีฬา (รายปี ระดับปริญญาตรี),นิสิตปริญญาตรีทุกชั้นปี เกรดเฉลี่ยสะสมไม่ต่ำกว่า 2.25 มีผลงานด้านกีฬาหรือศิลปวัฒนธรรมเป็นที่ประจักษ์ ความประพฤติเรียบร้อย,"จำนวน 40 ทุน ทุนละ 5,000 บาท",https://ss.msu.ac.th/pages/apply.php
มหาวิทยาลัยมหาสารคาม (วิศวกรรม),ทุนส่งเสริมนักกิจกรรม,ทุนกิจกรรม (รายปี ระดับปริญญาตรี),นิสิตปริญญาตรีทุกชั้นปี เกรดเฉลี่ยสะสมไม่ต่ำกว่า 2.25 มีผลงานด้านกิจกรรมนิสิต เป็นผู้นำองค์กรนิสิต/ผู้รับผิดชอบโครงการ ความประพฤติเรียบร้อย,"จำนวน 40 ทุน ทุนละ 5,000 บาท",https://ss.msu.ac.th/pages/apply.php
มหาวิทยาลัยมหาสารคาม (วิทย์/สังคม),ทุนภูมิพล,ทุนพระราชทาน/ทุนเรียนดีความประพฤติดี (ระดับปริญญาตรี),รับสมัครนิสิตเพื่อคัดเลือกรับทุน 'ทุนภูมิพล' ประจำปีการศึกษา 2568 ผ่านระบบบริหารจัดการทุนการศึกษา มมส,ตามประกาศแต่ละปี,https://ss.msu.ac.th/pages/apply.php
มหาวิทยาลัยมหาสารคาม (วิทย์/สังคม),ทุนนักกีฬา,ทุนกีฬา (รายปี ระดับปริญญาตรี),นิสิตปริญญาตรีทุกชั้นปี เกรดเฉลี่ยสะสมไม่ต่ำกว่า 2.25 มีผลงานด้านกีฬาหรือศิลปวัฒนธรรมเป็นที่ประจักษ์ ความประพฤติเรียบร้อย,"จำนวน 40 ทุน ทุนละ 5,000 บาท",https://ss.msu.ac.th/pages/apply.php
มหาวิทยาลัยมหาสารคาม (วิทย์/สังคม),ทุนส่งเสริมนักกิจกรรม,ทุนกิจกรรม (รายปี ระดับปริญญาตรี),นิสิตปริญญาตรีทุกชั้นปี เกรดเฉลี่ยสะสมไม่ต่ำกว่า 2.25 มีผลงานด้านกิจกรรมนิสิต เป็นผู้นำองค์กรนิสิต/ผู้รับผิดชอบโครงการ ความประพฤติเรียบร้อย,"จำนวน 40 ทุน ทุนละ 5,000 บาท",https://ss.msu.ac.th/pages/apply.php
มหาวิทยาลัยนเรศวร (แพทย์/ทันตะ),ทุนการศึกษากองกิจการนิสิต มหาวิทยาลัยนเรศวร,ทุนช่วยเหลือนิสิตขาดแคลนทุนทรัพย์ (มีทั้งประเภทต่อเนื่องและไม่ต่อเนื่อง จากหน่วยงานราชการ/เอกชน/มูลนิธิ และกองทุนเพื่อนิสิต),เป็นนิสิตระดับปริญญาตรี ขาดแคลนทุนทรัพย์หรือประสบปัญหาด้านการเงิน มีความประพฤติดี ตั้งใจเรียน และมีคุณสมบัติตรงตามที่เจ้าของทุนกำหนด,แตกต่างกันตามแหล่งทุน มอบเป็นรายครั้ง รายเดือน หรือรายปี (ไม่ระบุจำนวนตายตัว),https://www.sa.nu.ac.th/?page_id=9746
มหาวิทยาลัยนเรศวร (ทันตแพทย์ คลินิก),ทุนการศึกษากองกิจการนิสิต มหาวิทยาลัยนเรศวร,ทุนช่วยเหลือนิสิตขาดแคลนทุนทรัพย์ (มีทั้งประเภทต่อเนื่องและไม่ต่อเนื่อง จากหน่วยงานราชการ/เอกชน/มูลนิธิ และกองทุนเพื่อนิสิต),เป็นนิสิตระดับปริญญาตรี ขาดแคลนทุนทรัพย์หรือประสบปัญหาด้านการเงิน มีความประพฤติดี ตั้งใจเรียน และมีคุณสมบัติตรงตามที่เจ้าของทุนกำหนด,แตกต่างกันตามแหล่งทุน มอบเป็นรายครั้ง รายเดือน หรือรายปี (ไม่ระบุจำนวนตายตัว),https://www.sa.nu.ac.th/?page_id=9746
มหาวิทยาลัยนเรศวร (เภสัช),ทุนการศึกษากองกิจการนิสิต มหาวิทยาลัยนเรศวร,ทุนช่วยเหลือนิสิตขาดแคลนทุนทรัพย์ (มีทั้งประเภทต่อเนื่องและไม่ต่อเนื่อง จากหน่วยงานราชการ/เอกชน/มูลนิธิ และกองทุนเพื่อนิสิต),เป็นนิสิตระดับปริญญาตรี ขาดแคลนทุนทรัพย์หรือประสบปัญหาด้านการเงิน มีความประพฤติดี ตั้งใจเรียน และมีคุณสมบัติตรงตามที่เจ้าของทุนกำหนด,แตกต่างกันตามแหล่งทุน มอบเป็นรายครั้ง รายเดือน หรือรายปี (ไม่ระบุจำนวนตายตัว),https://www.sa.nu.ac.th/?page_id=9746
มหาวิทยาลัยนเรศวร (วิศวกรรม/วิทย์),ทุนการศึกษากองกิจการนิสิต มหาวิทยาลัยนเรศวร,ทุนช่วยเหลือนิสิตขาดแคลนทุนทรัพย์ (มีทั้งประเภทต่อเนื่องและไม่ต่อเนื่อง จากหน่วยงานราชการ/เอกชน/มูลนิธิ และกองทุนเพื่อนิสิต),เป็นนิสิตระดับปริญญาตรี ขาดแคลนทุนทรัพย์หรือประสบปัญหาด้านการเงิน มีความประพฤติดี ตั้งใจเรียน และมีคุณสมบัติตรงตามที่เจ้าของทุนกำหนด,แตกต่างกันตามแหล่งทุน มอบเป็นรายครั้ง รายเดือน หรือรายปี (ไม่ระบุจำนวนตายตัว),https://www.sa.nu.ac.th/?page_id=9746
มหาวิทยาลัยนเรศวร (สังคม/มนุษย์),ทุนการศึกษากองกิจการนิสิต มหาวิทยาลัยนเรศวร,ทุนช่วยเหลือนิสิตขาดแคลนทุนทรัพย์ (มีทั้งประเภทต่อเนื่องและไม่ต่อเนื่อง จากหน่วยงานราชการ/เอกชน/มูลนิธิ และกองทุนเพื่อนิสิต),เป็นนิสิตระดับปริญญาตรี ขาดแคลนทุนทรัพย์หรือประสบปัญหาด้านการเงิน มีความประพฤติดี ตั้งใจเรียน และมีคุณสมบัติตรงตามที่เจ้าของทุนกำหนด,แตกต่างกันตามแหล่งทุน มอบเป็นรายครั้ง รายเดือน หรือรายปี (ไม่ระบุจำนวนตายตัว),https://www.sa.nu.ac.th/?page_id=9746
มหาวิทยาลัยอัสสัมชัญ ABAC (Business/Mgmt),"ทุน AU The Creator of Tomorrow, ทุน 55 ปี มหาวิทยาลัยอัสสัมชัญ และทุนนักกีฬา","ทุนความสามารถพิเศษ/ผลงานวิชาการ/กิจกรรม, ทุนสอบแข่งขัน, ทุนเครือมูลนิธิเซนต์คาเบรียล และทุนนักกีฬา",กำลังศึกษา ม.6 หรือเทียบเท่า; ทุน Creator GPAX 5 ภาคเรียน ≥ 2.50; ทุน 55 ปี (เครือเซนต์คาเบรียล) GPAX ≥ 3.50; ทุนนักกีฬาต้องมีผลงานกีฬาโดดเด่นตามชนิดกีฬาที่กำหนด,ทุนค่าเล่าเรียนระดับปริญญาตรี (ตามประเภททุน),https://admissions.au.edu/?page_id=1327
มหาวิทยาลัยอัสสัมชัญ ABAC (Engineering/IT),"ทุน AU The Creator of Tomorrow, ทุน 55 ปี มหาวิทยาลัยอัสสัมชัญ และทุนนักกีฬา","ทุนความสามารถพิเศษ/ผลงานวิชาการ/กิจกรรม, ทุนสอบแข่งขัน, ทุนเครือมูลนิธิเซนต์คาเบรียล และทุนนักกีฬา",กำลังศึกษา ม.6 หรือเทียบเท่า; ทุน Creator GPAX 5 ภาคเรียน ≥ 2.50; ทุน 55 ปี (เครือเซนต์คาเบรียล) GPAX ≥ 3.50; ทุนนักกีฬาต้องมีผลงานกีฬาโดดเด่นตามชนิดกีฬาที่กำหนด,ทุนค่าเล่าเรียนระดับปริญญาตรี (ตามประเภททุน),https://admissions.au.edu/?page_id=1327
มหาวิทยาลัยอัสสัมชัญ ABAC (Communication Arts),"ทุน AU The Creator of Tomorrow, ทุน 55 ปี มหาวิทยาลัยอัสสัมชัญ และทุนนักกีฬา","ทุนความสามารถพิเศษ/ผลงานวิชาการ/กิจกรรม, ทุนสอบแข่งขัน, ทุนเครือมูลนิธิเซนต์คาเบรียล และทุนนักกีฬา",กำลังศึกษา ม.6 หรือเทียบเท่า; ทุน Creator GPAX 5 ภาคเรียน ≥ 2.50; ทุน 55 ปี (เครือเซนต์คาเบรียล) GPAX ≥ 3.50; ทุนนักกีฬาต้องมีผลงานกีฬาโดดเด่นตามชนิดกีฬาที่กำหนด,ทุนค่าเล่าเรียนระดับปริญญาตรี (ตามประเภททุน),https://admissions.au.edu/?page_id=1327
มหาวิทยาลัยอัสสัมชัญ ABAC (MBA),"ทุน AU The Creator of Tomorrow, ทุน 55 ปี มหาวิทยาลัยอัสสัมชัญ และทุนนักกีฬา","ทุนความสามารถพิเศษ/ผลงานวิชาการ/กิจกรรม, ทุนสอบแข่งขัน, ทุนเครือมูลนิธิเซนต์คาเบรียล และทุนนักกีฬา",กำลังศึกษา ม.6 หรือเทียบเท่า; ทุน Creator GPAX 5 ภาคเรียน ≥ 2.50; ทุน 55 ปี (เครือเซนต์คาเบรียล) GPAX ≥ 3.50; ทุนนักกีฬาต้องมีผลงานกีฬาโดดเด่นตามชนิดกีฬาที่กำหนด,ทุนค่าเล่าเรียนระดับปริญญาตรี (ตามประเภททุน),https://admissions.au.edu/?page_id=1327
มหาวิทยาลัยกรุงเทพ BU (Business/Comm Arts),ทุนประกายเพชร,ทุนเรียนดี/ความสามารถทางวิชาการ,สัญชาติไทย กำลังศึกษา ม.6 หรือจบ ม.ปลาย เกรดเฉลี่ย 5 เทอม ≥ 3.50 (หรือ GED ≥ 700) และมีรางวัล/ผลงานวิชาการระดับจังหวัด/ชาติ/นานาชาติอย่างน้อย 1 รางวัล,"ทุน 100% ค่าหน่วยกิตและค่าธรรมเนียม + ค่าใช้จ่ายรายเดือน 12,000 บาท + ที่พักฟรี (BU Residence) 1 ปีการศึกษา",https://www.bu.ac.th/th/scholarship/54/Prakaipetch
มหาวิทยาลัยกรุงเทพ BU (Digital Media/Creative),ทุนประกายเพชร,ทุนเรียนดี/ความสามารถทางวิชาการ,สัญชาติไทย กำลังศึกษา ม.6 หรือจบ ม.ปลาย เกรดเฉลี่ย 5 เทอม ≥ 3.50 (หรือ GED ≥ 700) และมีรางวัล/ผลงานวิชาการระดับจังหวัด/ชาติ/นานาชาติอย่างน้อย 1 รางวัล,"ทุน 100% ค่าหน่วยกิตและค่าธรรมเนียม + ค่าใช้จ่ายรายเดือน 12,000 บาท + ที่พักฟรี (BU Residence) 1 ปีการศึกษา",https://www.bu.ac.th/th/scholarship/54/Prakaipetch
มหาวิทยาลัยกรุงเทพ BU (BUIC นานาชาติ),ทุนประกายเพชร,ทุนเรียนดี/ความสามารถทางวิชาการ,สัญชาติไทย กำลังศึกษา ม.6 หรือจบ ม.ปลาย เกรดเฉลี่ย 5 เทอม ≥ 3.50 (หรือ GED ≥ 700) และมีรางวัล/ผลงานวิชาการระดับจังหวัด/ชาติ/นานาชาติอย่างน้อย 1 รางวัล,"ทุน 100% ค่าหน่วยกิตและค่าธรรมเนียม + ค่าใช้จ่ายรายเดือน 12,000 บาท + ที่พักฟรี (BU Residence) 1 ปีการศึกษา",https://www.bu.ac.th/th/scholarship/54/Prakaipetch
มหาวิทยาลัยกรุงเทพ BU (MBA),ทุนประกายเพชร,ทุนเรียนดี/ความสามารถทางวิชาการ,สัญชาติไทย กำลังศึกษา ม.6 หรือจบ ม.ปลาย เกรดเฉลี่ย 5 เทอม ≥ 3.50 (หรือ GED ≥ 700) และมีรางวัล/ผลงานวิชาการระดับจังหวัด/ชาติ/นานาชาติอย่างน้อย 1 รางวัล,"ทุน 100% ค่าหน่วยกิตและค่าธรรมเนียม + ค่าใช้จ่ายรายเดือน 12,000 บาท + ที่พักฟรี (BU Residence) 1 ปีการศึกษา",https://www.bu.ac.th/th/scholarship/54/Prakaipetch
มหาวิทยาลัยรังสิต (แพทยศาสตร์),ทุนการศึกษา วิทยาลัยบริหารธุรกิจ มหาวิทยาลัยรังสิต (CBR Scholarship),ทุนการศึกษาสำหรับนักเรียนมัธยมปลายเข้าศึกษาต่อระดับปริญญาตรี,เป็นทุนที่มอบให้แก่นักเรียนที่กำลังศึกษาอยู่ในระดับมัธยมศึกษาตอนปลายทั่วประเทศ ที่ประสงค์เข้าศึกษาต่อ,ไม่ระบุจำนวนตายตัว (ติดต่อรายละเอียดผ่านวิทยาลัย),https://cbr.rsu.ac.th/scholarship/
มหาวิทยาลัยรังสิต (ทันตแพทยศาสตร์),ทุนการศึกษา วิทยาลัยบริหารธุรกิจ มหาวิทยาลัยรังสิต (CBR Scholarship),ทุนการศึกษาสำหรับนักเรียนมัธยมปลายเข้าศึกษาต่อระดับปริญญาตรี,เป็นทุนที่มอบให้แก่นักเรียนที่กำลังศึกษาอยู่ในระดับมัธยมศึกษาตอนปลายทั่วประเทศ ที่ประสงค์เข้าศึกษาต่อ,ไม่ระบุจำนวนตายตัว (ติดต่อรายละเอียดผ่านวิทยาลัย),https://cbr.rsu.ac.th/scholarship/
มหาวิทยาลัยรังสิต (เภสัช/สัตว์/พยาบาล),ทุนการศึกษา วิทยาลัยบริหารธุรกิจ มหาวิทยาลัยรังสิต (CBR Scholarship),ทุนการศึกษาสำหรับนักเรียนมัธยมปลายเข้าศึกษาต่อระดับปริญญาตรี,เป็นทุนที่มอบให้แก่นักเรียนที่กำลังศึกษาอยู่ในระดับมัธยมศึกษาตอนปลายทั่วประเทศ ที่ประสงค์เข้าศึกษาต่อ,ไม่ระบุจำนวนตายตัว (ติดต่อรายละเอียดผ่านวิทยาลัย),https://cbr.rsu.ac.th/scholarship/
มหาวิทยาลัยรังสิต (บริหาร/นิเทศ/สังคม),ทุนการศึกษา วิทยาลัยบริหารธุรกิจ มหาวิทยาลัยรังสิต (CBR Scholarship),ทุนการศึกษาสำหรับนักเรียนมัธยมปลายเข้าศึกษาต่อระดับปริญญาตรี,เป็นทุนที่มอบให้แก่นักเรียนที่กำลังศึกษาอยู่ในระดับมัธยมศึกษาตอนปลายทั่วประเทศ ที่ประสงค์เข้าศึกษาต่อ,ไม่ระบุจำนวนตายตัว (ติดต่อรายละเอียดผ่านวิทยาลัย),https://cbr.rsu.ac.th/scholarship/
มหาวิทยาลัยรังสิต (RIC นานาชาติ),ทุนการศึกษา วิทยาลัยบริหารธุรกิจ มหาวิทยาลัยรังสิต (CBR Scholarship),ทุนการศึกษาสำหรับนักเรียนมัธยมปลายเข้าศึกษาต่อระดับปริญญาตรี,เป็นทุนที่มอบให้แก่นักเรียนที่กำลังศึกษาอยู่ในระดับมัธยมศึกษาตอนปลายทั่วประเทศ ที่ประสงค์เข้าศึกษาต่อ,ไม่ระบุจำนวนตายตัว (ติดต่อรายละเอียดผ่านวิทยาลัย),https://cbr.rsu.ac.th/scholarship/
มหาวิทยาลัยรังสิต (บัณฑิตศึกษา),ทุนการศึกษา วิทยาลัยบริหารธุรกิจ มหาวิทยาลัยรังสิต (CBR Scholarship),ทุนการศึกษาสำหรับนักเรียนมัธยมปลายเข้าศึกษาต่อระดับปริญญาตรี,เป็นทุนที่มอบให้แก่นักเรียนที่กำลังศึกษาอยู่ในระดับมัธยมศึกษาตอนปลายทั่วประเทศ ที่ประสงค์เข้าศึกษาต่อ,ไม่ระบุจำนวนตายตัว (ติดต่อรายละเอียดผ่านวิทยาลัย),https://cbr.rsu.ac.th/scholarship/
มหาวิทยาลัยหอการค้าไทย UTCC (Business/Acct),"ทุนรัตนมงคล, ทุน UTCC Gold และทุน UTCC Silver",ทุนสอบแข่งขัน/เรียนดี ระดับปริญญาตรี (สอบคัดเลือกทุกปีการศึกษา),ผู้สมัครเข้าศึกษาระดับปริญญาตรี เข้าสอบคัดเลือกชิงทุน พร้อมยื่นเอกสารหลักฐานการศึกษา (ปพ.1),"ทุนรัตนมงคล = ทุนเต็มจำนวน, ทุน UTCC Gold = 40%, ทุน UTCC Silver = 25%",https://www.utcc.ac.th/undergraduate-info/
มหาวิทยาลัยหอการค้าไทย UTCC (IBS นานาชาติ),"ทุนรัตนมงคล, ทุน UTCC Gold และทุน UTCC Silver",ทุนสอบแข่งขัน/เรียนดี ระดับปริญญาตรี (สอบคัดเลือกทุกปีการศึกษา),ผู้สมัครเข้าศึกษาระดับปริญญาตรี เข้าสอบคัดเลือกชิงทุน พร้อมยื่นเอกสารหลักฐานการศึกษา (ปพ.1),"ทุนรัตนมงคล = ทุนเต็มจำนวน, ทุน UTCC Gold = 40%, ทุน UTCC Silver = 25%",https://www.utcc.ac.th/undergraduate-info/
มหาวิทยาลัยหอการค้าไทย UTCC (พยาบาล),"ทุนรัตนมงคล, ทุน UTCC Gold และทุน UTCC Silver",ทุนสอบแข่งขัน/เรียนดี ระดับปริญญาตรี (สอบคัดเลือกทุกปีการศึกษา),ผู้สมัครเข้าศึกษาระดับปริญญาตรี เข้าสอบคัดเลือกชิงทุน พร้อมยื่นเอกสารหลักฐานการศึกษา (ปพ.1),"ทุนรัตนมงคล = ทุนเต็มจำนวน, ทุน UTCC Gold = 40%, ทุน UTCC Silver = 25%",https://www.utcc.ac.th/undergraduate-info/
มหาวิทยาลัยหอการค้าไทย UTCC (MBA),"ทุนรัตนมงคล, ทุน UTCC Gold และทุน UTCC Silver",ทุนสอบแข่งขัน/เรียนดี ระดับปริญญาตรี (สอบคัดเลือกทุกปีการศึกษา),ผู้สมัครเข้าศึกษาระดับปริญญาตรี เข้าสอบคัดเลือกชิงทุน พร้อมยื่นเอกสารหลักฐานการศึกษา (ปพ.1),"ทุนรัตนมงคล = ทุนเต็มจำนวน, ทุน UTCC Gold = 40%, ทุน UTCC Silver = 25%",https://www.utcc.ac.th/undergraduate-info/
มหาวิทยาลัยศรีปทุม SPU (Business/IT/Comm),ทุนมหาวิทยาลัยศรีปทุมเพื่อนักเรียนมูลนิธิราชประชานุเคราะห์ฯ และทุนโครงการทุนอุดมศึกษาเพื่อการพัฒนาจังหวัดชายแดนภาคใต้,ทุนสนับสนุนเต็มจำนวนตลอดหลักสูตรปริญญาตรี,นักเรียนในมูลนิธิราชประชานุเคราะห์ในพระบรมราชูปถัมภ์ / นักศึกษาในโครงการพัฒนาจังหวัดชายแดนภาคใต้,สนับสนุน 100% ค่าหน่วยกิตและค่าบำรุงการศึกษา ตลอดหลักสูตรปริญญาตรี,https://www.spu.ac.th/scholarship/
มหาวิทยาลัยศรีปทุม SPU (วิศวะ/สถาปัตย์),ทุนมหาวิทยาลัยศรีปทุมเพื่อนักเรียนมูลนิธิราชประชานุเคราะห์ฯ และทุนโครงการทุนอุดมศึกษาเพื่อการพัฒนาจังหวัดชายแดนภาคใต้,ทุนสนับสนุนเต็มจำนวนตลอดหลักสูตรปริญญาตรี,นักเรียนในมูลนิธิราชประชานุเคราะห์ในพระบรมราชูปถัมภ์ / นักศึกษาในโครงการพัฒนาจังหวัดชายแดนภาคใต้,สนับสนุน 100% ค่าหน่วยกิตและค่าบำรุงการศึกษา ตลอดหลักสูตรปริญญาตรี,https://www.spu.ac.th/scholarship/
มหาวิทยาลัยศรีปทุม SPU (SPU นานาชาติ),ทุนมหาวิทยาลัยศรีปทุมเพื่อนักเรียนมูลนิธิราชประชานุเคราะห์ฯ และทุนโครงการทุนอุดมศึกษาเพื่อการพัฒนาจังหวัดชายแดนภาคใต้,ทุนสนับสนุนเต็มจำนวนตลอดหลักสูตรปริญญาตรี,นักเรียนในมูลนิธิราชประชานุเคราะห์ในพระบรมราชูปถัมภ์ / นักศึกษาในโครงการพัฒนาจังหวัดชายแดนภาคใต้,สนับสนุน 100% ค่าหน่วยกิตและค่าบำรุงการศึกษา ตลอดหลักสูตรปริญญาตรี,https://www.spu.ac.th/scholarship/
มหาวิทยาลัยศรีปทุม SPU (MBA),ทุนมหาวิทยาลัยศรีปทุมเพื่อนักเรียนมูลนิธิราชประชานุเคราะห์ฯ และทุนโครงการทุนอุดมศึกษาเพื่อการพัฒนาจังหวัดชายแดนภาคใต้,ทุนสนับสนุนเต็มจำนวนตลอดหลักสูตรปริญญาตรี,นักเรียนในมูลนิธิราชประชานุเคราะห์ในพระบรมราชูปถัมภ์ / นักศึกษาในโครงการพัฒนาจังหวัดชายแดนภาคใต้,สนับสนุน 100% ค่าหน่วยกิตและค่าบำรุงการศึกษา ตลอดหลักสูตรปริญญาตรี,https://www.spu.ac.th/scholarship/
Triam Udom Suksa (เตรียมอุดมศึกษา),"ทุนการศึกษาโรงเรียนเตรียมอุดมศึกษา และทุนรางวัลพระราชทาน ""เรียนดี""",ทุนการศึกษานักเรียน (เรียนดี/ทุนรางวัลพระราชทาน) ดำเนินการผ่านงานแนะแนว,นักเรียนโรงเรียนเตรียมอุดมศึกษา ตามเกณฑ์ผลการเรียน/คุณสมบัติที่งานแนะแนวกำหนด,ไม่ระบุจำนวนตายตัว,https://guidance.triamudom.ac.th/
Suankularb Wittayalai (สวนกุหลาบ),ทุนการศึกษามูลนิธิ วิชัย ศรีวัฒนประภา,ทุนต่อเนื่องสำหรับนักเรียนที่ขาดแคลนทุนทรัพย์ (มอบจนจบปริญญาตรี),นักเรียนชั้นมัธยมศึกษาปีที่ 2 โรงเรียนสวนกุหลาบวิทยาลัย ที่มีความประพฤติดีแต่ขาดแคลนทุนทรัพย์ ได้รับทุนต่อเนื่องจนจบระดับปริญญาตรี,ทุนต่อเนื่องจนจบการศึกษา (มอบเป็นกำลังสำคัญให้ครอบครัว ชุมชน สังคม),https://vichaisrivaddhanaprabha.com/news-th/suankularb2023/
Suankularb Wittayalai (สวนกุหลาบ EP),ทุนการศึกษามูลนิธิ วิชัย ศรีวัฒนประภา,ทุนต่อเนื่องสำหรับนักเรียนที่ขาดแคลนทุนทรัพย์ (มอบจนจบปริญญาตรี),นักเรียนชั้นมัธยมศึกษาปีที่ 2 โรงเรียนสวนกุหลาบวิทยาลัย ที่มีความประพฤติดีแต่ขาดแคลนทุนทรัพย์ ได้รับทุนต่อเนื่องจนจบระดับปริญญาตรี,ทุนต่อเนื่องจนจบการศึกษา (มอบเป็นกำลังสำคัญให้ครอบครัว ชุมชน สังคม),https://vichaisrivaddhanaprabha.com/news-th/suankularb2023/
Samsen Wittayalai (สามเสนวิทยาลัย),ทุน/รางวัลพิธีเชิดชูเกียรตินักเรียนผู้ได้รับรางวัลโอลิมปิกวิชาการระดับชาติ (Samsen Shine Bright Award),ทุน/รางวัลเชิดชูเกียรติด้านวิชาการ,นักเรียนโรงเรียนสามเสนวิทยาลัยที่ได้รับรางวัลโอลิมปิกวิชาการระดับชาติ ประจำปี,ไม่ระบุจำนวนตายตัว,https://www.samsenwit.ac.th/
Samsen Wittayalai (สามเสน Gifted/EP),ทุน/รางวัลพิธีเชิดชูเกียรตินักเรียนผู้ได้รับรางวัลโอลิมปิกวิชาการระดับชาติ (Samsen Shine Bright Award),ทุน/รางวัลเชิดชูเกียรติด้านวิชาการ,นักเรียนโรงเรียนสามเสนวิทยาลัยที่ได้รับรางวัลโอลิมปิกวิชาการระดับชาติ ประจำปี,ไม่ระบุจำนวนตายตัว,https://www.samsenwit.ac.th/
Bodindecha (บดินทรเดชา),ไม่พบข้อมูลทุนที่ตรวจสอบได้,,,,
Bodindecha (บดินทรเดชา Gifted/EP),ไม่พบข้อมูลทุนที่ตรวจสอบได้,,,,
Debsirin (เทพศิรินทร์),ทุนการศึกษาโรงเรียนเทพศิรินทร์ (ทุนมูลนิธิเพื่อการศึกษาโรงเรียนเทพศิรินทร์ และทุนบริจาครายปี/ต่อเนื่อง),"ทุนการศึกษาภายในโรงเรียน 3 ประเภท (ดอกผลกองทุนมูลนิธิ, บริจาครายปี, บริจาคประจำปีต่อเนื่อง)",นักเรียนโรงเรียนเทพศิรินทร์ ยื่นสมัครขอรับทุนช่วงเปิดภาคเรียนที่ 1 ประมาณ 16 พฤษภาคม – 16 มิถุนายน ของทุกปี ตามเกณฑ์พิจารณาทุนของโรงเรียน,จัดสรรจากดอกผลกองทุนและเงินบริจาค (ไม่ระบุจำนวนตายตัว),https://www.debsirin.ac.th/academics/admissions/scholarships/
Yothinburana (โยธินบูรณะ),ไม่พบข้อมูลทุนที่ตรวจสอบได้,,,,
Horwang (หอวัง),"ทุนการศึกษาโรงเรียนหอวัง (ทุน ""คนดี ศรีหอวัง"", ทุนนักเรียนความสามารถพิเศษ, ทุนนักเรียนขาดแคลนทุนทรัพย์ และทุนพี่ช่วยน้อง)","ทุนความประพฤติดี/ทำกิจกรรมเพื่อส่วนรวม, ทุนความสามารถพิเศษ (กีฬา/ศิลปะ-ดนตรี), ทุนช่วยเหลือนักเรียนที่จำเป็นทางเศรษฐกิจ",นักเรียนหอวังระดับ ม.ต้น–ม.ปลาย ที่มีความประพฤติดี มีผลงาน/ความสามารถ หรือมีความจำเป็นทางด้านเศรษฐกิจ (มอบประจำทุกปี),"ทุนคนดีศรีหอวัง 10,000 บาท/ทุน; ทุนความสามารถพิเศษ 6,000 บาท/ทุน; ทุนขาดแคลนทุนทรัพย์ 4,000 บาท/ทุน (ปี 2566 จำนวน 131 ทุน รวม 524,000 บาท); ทุนพี่ช่วยน้อง 1,000 บาท/เดือน เป็นเวลา 10 เดือน/ปี",https://www.horwang.ac.th/oit66/doc/030/030-4.pdf
Satri Wittaya (สตรีวิทยา),ไม่พบข้อมูลทุนที่ตรวจสอบได้,,,,
Mahidol Wittayanusorn (MWIT),ทุนการศึกษาเต็มจำนวน (เรียนฟรีเต็มจำนวน) สำหรับนักเรียนที่ผ่านการคัดเลือก,ทุนรัฐบาล / เรียนฟรีเต็มจำนวน (โรงเรียนวิทยาศาสตร์ของรัฐ สถานภาพองค์การมหาชน งบประมาณแผ่นดิน),นักเรียนที่สอบผ่านการคัดเลือกเข้าเรียนระดับมัธยมศึกษาตอนปลาย สายวิทย์-คณิต ได้รับทุนตลอดระยะเวลาที่ศึกษาอยู่ในโรงเรียน (รับเพียง ~240 คน/ปี จากผู้สมัครหลักหมื่นคน),ทุนเต็มจำนวน ครอบคลุมค่าใช้จ่ายด้านการเรียน การวิจัย อุปกรณ์การศึกษา ที่พัก (หอพัก) อาหาร และกิจกรรมเสริมหลักสูตร,https://th.wikipedia.org/wiki/โรงเรียนมหิดลวิทยานุสรณ์
KVIS Kamnoetvidya Science Academy,ทุนการศึกษาฟรี (โรงเรียนวิทยาศาสตร์ประจำ) สำหรับนักเรียนที่ผ่านการคัดเลือก,ทุนเต็มจำนวน / เรียนฟรี โดยมูลนิธิโรงเรียนวิทยาศาสตร์ระยอง (ก่อตั้งและสนับสนุนโดยกลุ่ม ปตท.),นักเรียนที่สอบผ่านการคัดเลือกเข้าเรียนระดับมัธยมศึกษาตอนปลาย สายวิทยาศาสตร์-คณิตศาสตร์ (รับปีละ 72 คน เป็นโรงเรียนประจำ),ได้รับทุนการศึกษาฟรีเป็นเวลา 3 ปี พร้อมแล็ปท็อป อุปกรณ์การเรียนการสอน และชุดนักเรียน (โรงเรียนประจำ มีหอพักให้),https://th.wikipedia.org/wiki/โรงเรียนกำเนิดวิทย์
สาธิตจุฬาฯ (ฝ่ายประถม),ไม่พบข้อมูลทุนที่ตรวจสอบได้,,,,
สาธิตจุฬาฯ (ฝ่ายมัธยม),ไม่พบข้อมูลทุนที่ตรวจสอบได้,,,,
สาธิตเกษตร (KUS ภาคไทย),"ทุนสนับสนุนการศึกษา ประจำปีการศึกษา 2567 (รวมหลายกองทุน เช่น ทุนกองทุนสาธิตเกษตร, ทุนชมรมมวลมิตรสาธิตเกษตร, ทุนสมเด็จพระญาณสังวรฯ 84 พรรษา ฯลฯ)",ทุนช่วยเหลือนักเรียนที่ขาดแคลน / ทุนสนับสนุนค่าใช้จ่ายทางการศึกษา (จากงบประมาณเงินรายได้ของโรงเรียนและเงินบริจาค),พิจารณาจากรายได้ครอบครัว พฤติกรรมนักเรียน ข้อมูลผู้ปกครอง และจำนวนพี่น้อง; ปีการศึกษา 2567 มีนักเรียนผ่านการพิจารณารับทุนค่าใช้จ่ายทางการศึกษาส่วนที่ 2 จำนวน 148 ทุน (ระดับประถม-มัธยม),ทุนค่าใช้จ่ายทางการศึกษา (มูลค่าตามแต่ละกองทุนที่จัดสรร),https://kus.ac.th/announceSystem/announce/b0147f97f3dc9061bc3c53e1d5b43109.pdf
สาธิตเกษตร (KUS โครงการ EPTS/นานาชาติ),"ทุนสนับสนุนการศึกษา ประจำปีการศึกษา 2567 (รวมหลายกองทุน เช่น ทุนกองทุนสาธิตเกษตร, ทุนชมรมมวลมิตรสาธิตเกษตร, ทุนสมเด็จพระญาณสังวรฯ 84 พรรษา ฯลฯ)",ทุนช่วยเหลือนักเรียนที่ขาดแคลน / ทุนสนับสนุนค่าใช้จ่ายทางการศึกษา (จากงบประมาณเงินรายได้ของโรงเรียนและเงินบริจาค),พิจารณาจากรายได้ครอบครัว พฤติกรรมนักเรียน ข้อมูลผู้ปกครอง และจำนวนพี่น้อง; ปีการศึกษา 2567 มีนักเรียนผ่านการพิจารณารับทุนค่าใช้จ่ายทางการศึกษาส่วนที่ 2 จำนวน 148 ทุน (ระดับประถม-มัธยม),ทุนค่าใช้จ่ายทางการศึกษา (มูลค่าตามแต่ละกองทุนที่จัดสรร),https://kus.ac.th/announceSystem/announce/b0147f97f3dc9061bc3c53e1d5b43109.pdf
สาธิตรามคำแหง,เงินสนับสนุนค่าใช้จ่ายในการจัดการศึกษาขั้นพื้นฐาน (โครงการเรียนฟรี 15 ปี),เงินอุดหนุน/เงินสนับสนุนจากรัฐ ตามนโยบายเรียนฟรี 15 ปี,นักเรียนของโรงเรียนตามแนวทางการรับเงินสนับสนุนค่าใช้จ่ายในการจัดการศึกษาขั้นพื้นฐาน ปีการศึกษา 2569,ค่าใช้จ่ายด้านการศึกษาตามรายการที่รัฐสนับสนุน (ค่าเล่าเรียน/อุปกรณ์การเรียนตามเกณฑ์),https://ds.ru.ac.th/
สาธิตพัฒนา,LSP Academic Excellence Scholarship 2567 (ทุนเรียนต่อจนจบ ม.6),ทุนเรียนดี (ทุนเต็มจำนวน) สำหรับนักเรียนที่มีผลการเรียนดีและรายได้ครอบครัวจำกัด,"นักเรียนกำลังศึกษา ม.2–ม.4 (ภาคเรียนที่ 2), เกรดเฉลี่ยสะสม 4 ภาคเรียนไม่น้อยกว่า 3.75, รายได้ต่อครัวเรือนไม่เกิน 40,000 บาท/เดือน/บุตร, มีผลงานวิชาการโดดเด่น (สอวน./IJSO/สพฐ./เพชรยอดมงกุฎ); ผู้รับทุนต้องรักษาเกรดเฉลี่ยไม่ต่ำกว่า 3.50 ทุกภาคเรียน และทำจิตอาสาอย่างน้อย 15 ชั่วโมง/ภาคเรียน",จำนวนรวม 10 ทุน มูลค่าสูงสุดทุนละ 1.67 ล้านบาท (ทุนเต็มจำนวน) ครอบคลุมค่าธรรมเนียมการศึกษา ค่าอาหารกลางวัน ค่าแรกเข้า ค่าบำรุงการศึกษา ค่าหอพัก และค่าเครื่องแต่งกายแรกเข้า,https://www.dek-d.com/activity/63684/
Assumption College (อัสสัมชัญบางรัก สามัญ),โครงการนักกีฬาทุนโรงเรียนอัสสัมชัญ,ทุนความสามารถพิเศษด้านกีฬา (ทุนนักกีฬา),นักเรียน/ผู้มีความสามารถพิเศษด้านกีฬาตามโครงการของโรงเรียน (รายละเอียดตามที่โรงเรียนกำหนด),ไม่ระบุรายละเอียดมูลค่าบนหน้าเว็บไซต์โรงเรียน,https://www.assumption.ac.th/
Assumption College (อัสสัมชัญบางรัก EP/SMEP),โครงการนักกีฬาทุนโรงเรียนอัสสัมชัญ,ทุนความสามารถพิเศษด้านกีฬา (ทุนนักกีฬา),นักเรียน/ผู้มีความสามารถพิเศษด้านกีฬาตามโครงการของโรงเรียน (รายละเอียดตามที่โรงเรียนกำหนด),ไม่ระบุรายละเอียดมูลค่าบนหน้าเว็บไซต์โรงเรียน,https://www.assumption.ac.th/
Sarasas Ektra (สารสาส์นเอกตรา),ทุนการศึกษา (Scholarship) สำหรับนักเรียนชั้น Year 6 และ Year 9,Merit (ทุนความสามารถ) – แบ่งเป็น 3 ประเภท,มอบให้นักเรียนชั้น Year 6 และ Year 9 ที่มีความประสงค์จะศึกษาต่อกับทางโรงเรียนในระดับชั้นมัธยมศึกษาตอนต้นและตอนปลาย โดยแบ่งทุนออกเป็น 3 ประเภท คือ 1) ทุนความสามารถด้านภาษาอังกฤษ 2) ทุนความสามารถด้านวิชาการ 3) ทุนความสามารถด้านดนตรี,ทุนการศึกษา (หมายเหตุ: ในแต่ละปี รายละเอียดและประเภทของทุนการศึกษาอาจมีการเปลี่ยนแปลง),https://www.ektra.ac.th/scholarship
NIST International School,IB Excellence Scholarships,Academic merit,Awarded to students with high academic potential; both internal and external applicants accepted.,Merit-based fee reduction (partial tuition),https://internationalschoolsinbangkok.com/scholarships-and-financial-aid-options-at-bangkok-international-schools/
Bangkok Patana School,Academic and IB Awards,Academic merit,Available for Years 10–13; reviewed annually by the school's scholarship panel.,Partial tuition fee reduction (merit-based),https://internationalschoolsinbangkok.com/scholarships-and-financial-aid-options-at-bangkok-international-schools/
Harrow International School Bangkok,Academic Scholarship,Academic merit,"Awarded to students entering Harrow Bangkok (available for Year 9 and above) who demonstrate high academic ability, measured by an entrance test, specific subject tests, prior academic records and interview/s with senior staff.",Monetary reward (reduction of school fees),https://www.harrowschool.ac.th/admissions/scholarships
Harrow International School Bangkok,Sixth Form Scholarship,Academic merit (Sixth Form),"Awarded to students progressing to, or entering, the Sixth Form with an outstanding record of GCSE/IGCSE results. Award criteria (A*=2 points, A=1 point): Gold 16 points, Silver 12 points, Bronze 8 points.",Monetary reward / fee reduction (Gold/Silver/Bronze tiers); new entrants meeting criteria gain scholar title without monetary award,https://www.harrowschool.ac.th/admissions/scholarships
Harrow International School Bangkok,Creative & Performing Arts and Sports Scholarships,Talent (Music/Art/Drama; Sport),"CPA scholarships (Drama, Art, Music) for Year 6 and above require a portfolio and audition/interview; music applicants typically need ABRSM grade 6–7 on first instrument. Sports scholarships for Year 6 and above normally require national honours in the chosen sport.",Monetary reward (fee reduction),https://www.harrowschool.ac.th/admissions/scholarships
Shrewsbury International School Bangkok,Sixth Form Entrance Scholarship,Academic merit (Sixth Form),For exceptional students applying to join the A Level programme (Year 12); applicants sit entrance tests in four intended A Level subjects and interview; expectations at the level of internal Sir Martin Rees Scholars (typically 11+ A* grades at IGCSE).,"Tuition fee remission (amount agreed per case by the Executive Board, reviewed after a year)",https://www.shrewsbury.ac.th/admissions/scholarships/scholarship/
Shrewsbury International School Bangkok,Music Scholarship (and Performance Scholarship),Talent (Music / Performance e.g. sport),Music Scholarships for internal and external applicants demonstrating ABRSM Diploma-standard ability on main instrument; encouraged to apply before end of Year 10. Performance Scholarships may be awarded to students with track records of local/regional/national/international success in a discipline such as sport.,Fee remission attached to the award,https://www.shrewsbury.ac.th/admissions/scholarships/scholarship/
Wellington College Bangkok,"Governors' Scholarships (Academic, Sports, Music)","Merit (Academic, Sport, Music)","Open to current Wellington students and external applicants from other international/Thai schools. Academic: entering Year 9, 10, 12, normally mean CAT score 118+. Sports: Year 7+, competing at regional/national/international level (primarily Golf, Swimming, Tennis). Music: entering Year 7, 9 or 12, typically Grade 8 main instrument and Grade 5 Theory.",Up to 70% remission of tuition fees,https://www.wellingtoncollege.ac.th/admissions/scholarships/
Brighton College Bangkok,Academic Scholarship,Academic merit,"For external pupils entering Year 9 (IGCSE) or Year 11 (A Level); awarded based on performance on Scholarship Day. Scholars are intellectually curious, motivated pupils who contribute positively as senior school role models.",5%–40% tuition fee remission (depending on assessment outcomes),https://brightoncollege.ac.th/vibhavadi/academic-scholarship
Brighton College Bangkok,Music and Sports Scholarships,Talent (Music; Sport),"Available for pupils from Year 4 to Year 11, with two awards offered at each key stage (Upper Key Stage 2 to Key Stage 5). Music applicants must show strong instrumental/vocal ability supported by ABRSM, Trinity or equivalent. Sports applicants must demonstrate high-level performance in at least one sport at local, national or international level.",Tuition fee remission,https://brightoncollege.ac.th/vibhavadi/academic-scholarship
Regent's International School Bangkok,Global Connect Scholarship,Academic merit / international,For highly academic international students with outstanding references from their Heads or Principals; applicants assessed and interviewed in their own country. Scheme has run for 20 years.,Awards can be as large as 30% of fees and boarding fee,https://regents.ac.th/admission/scholarships/
Regent's International School Bangkok,"Music Scholarship (and other sponsorship awards: Bhutanese, Nation Rebuilding, Diplomatic Connect)",Talent (Music) / sponsored awards,"Music Scholars awarded on the basis of auditions or recorded performances from overseas applicants. School also offers Bhutanese Scholars (selected by HM the King of Bhutan's mother), Nation Rebuilding Scholarship, and Diplomatic Connect Programme (for children of ambassadors/expat diplomats).",Scholarship / fee reduction (subject to Board approval of the Principal's recommendation),https://regents.ac.th/admission/scholarships/
Regents International School Pattaya,"Signature Scholarships (Academic Excellence, Sport, Arts/Music, Service, All-Rounder)",Merit / talent scholarship (fee remission),"For students with exceptional academic ability, talent in arts or sport, or commitment to service. Awarded for one year (Academic Excellence up to two years). Apply via online application form; limited number available each year.",3 Stars: 100%; 2 Stars: 50%; 1 Star: 25%; Junior: 5-20% scholarship,https://www.nordangliaeducation.com/risp-pattaya/admissions/scholarships
KIS International School,KIS IB Diploma Programme Scholarship,Academic full scholarship (means/merit),"Full IB Diploma scholarships for Grades 11-12. Six full scholarships worth over THB 10,000,000 awarded across the group (two at KIS Bangkok, four at KIS Reignwood Park). Aimed at talented students who may not otherwise access IB education.",100% (full tuition for the two-year IB Diploma); 6 awards worth over THB 10 million in total,https://www.bangkokpost.com/business/general/3154008/kis-reignwood-park-announces-thb-10-million-in-ib-diploma-scholarships-following-authorisation
Concordian International School,Concordian Scholarship (Grade 10 & IB Diploma Programme),Full & partial merit scholarship,"Open to students entering Grade 10 (MYP) and Grade 11 (IB Diploma) who demonstrate a passion for excellence, leadership and social responsibility. Applicants must submit completed application and essay.",Full and partial scholarships (percentage not publicly specified),https://www.concordian.ac.th/student-admissions/scholarship/
Bromsgrove International School Thailand,"BIST Scholarships (Academic, Creative Talent, Sporting Talent)",Merit / talent scholarship,"Three categories. Academic: strong track record (Sixth Form entry needs predicted min. 7 A/A* IGCSE). Creative Talent: outstanding talent in music/performing arts (music min. ABRSM Grade 5). Sporting Talent: regional/national level achievement. Open to existing and new students; assessment, audition/trial and interview required.",Fee remission (percentage not publicly specified),https://bromsgrove.ac.th/admissions/scholarships/
Rugby School Thailand,"Rugby School Thailand Scholarships (Academic, Art, Drama, Music, Design & Technology, Sport)",Merit / talent scholarship (fee remission),"Entry as a scholar in Years 7, 8, 9, 10 or 12 (ages 11-16). Awards recognise exceptional achievement; require admissions assessment plus subject tests, portfolio, audition/trial and interview. Sports include swimming, football, basketball, rugby, tennis, golf, volleyball, athletics.",Fee remission of up to 20% on both tuition and boarding fees,https://www.rugbyschool.ac.th/admissions/scholarships/
Berkeley International School,Berkeley Merit-Based Scholarship (High School),Merit scholarship,"Exclusively for new High School students (Grades 9-12). Criteria include outstanding academic performance, English language proficiency, and exceptional talent in a sport or academic discipline.",Merit-based award (percentage not publicly specified),https://www.doris.school/schools/thailand/berkeley-international-school/admissions
Verso International School,VERSO Talent Scholarship & VERSO Ambassador Scholarship,Talent / merit scholarship,"For highly talented students in academics, arts, sports, technology and leadership. Ambassador Scholarship for Grades 9-11; Talent Scholarship for Grades 5-11. Applicants may apply for both.","Ambassador: 100% tuition Year 1, 70% Years 2-4. Talent: 70% tuition Year 1, 40% Years 2-4 (per published 2022-23 programme)",https://www.doris.school/schools/thailand/verso-international-school/admissions
Denla British School (DBS),Pandejpong Awards (Sixth Form full scholarship),Academic full scholarship,"For high-achieving Year 11 students entering Sixth Form (Years 12-13). UK system: min. 8 IGCSE subjects at A/A*; other systems: straight A in Year 9 or GPAX 3.80+. Selection via standardised tests, thinking skills assessment and panel interview.","100% tuition fee waiver for Years 12-13 (valued up to THB 2 million) plus waiver of THB 220,000 registration fee and a scholarship package up to THB 250,000",https://www.bangkokpost.com/thailand/pr/2907045/empowering-excellence-dbs-launches-pandejpong-awards
Denla British School (DBS),"DBS Scholarships (Academic, Music, Sports, Innovation & Creativity, Leadership)",Merit / talent scholarship,"Awarded across Academic and Enhanced British Curriculum categories for outstanding talent in chosen field. Scholars receive a personal development fund, mentoring, specialist development and university support; expected to act as role models. Apply via Scholarship Enquiry Form.",Includes a scholar development fund (cash benefit) and tailored support; tuition percentage not publicly specified,https://www.dbsbangkok.ac.th/dbs-scholarships/
King's College International School Bangkok,King's Bangkok Academic Excellence Scholarship,Academic full scholarship (needs-aware),"For academically outstanding students entering Year 10 or Year 12 (2026/27), designed to widen access for highly able students who would otherwise face significant financial barriers. Support continues until graduation in Year 13.","Full fee remission plus uniform, learning equipment and devices; additional THB 1 million towards university studies upon securing a university place",https://www.kingsbangkok.ac.th/en/news-and-events/news/Scholarship2026
St. Andrews International School Bangkok,St Andrews Sukhumvit 107 (S107) Scholarships,Merit / talent scholarship (fee remission),Open to English-speaking students from international and Thai schools entering Year 9 and above who achieve high academic results or have particular skills in creative arts. Application includes assessment.,Awards vary from 5% up to 50% of tuition fees,https://www.bkkkids.com/blog/st-andrews-s107-international-school-bangkok-scholarship-evening/
Wells International School,"Wells Incoming Scholarships (Academics, Sports, Arts)",Merit / talent scholarship,"Secondary students applying to Wells may qualify for incoming scholarships for excellence in academics, sports or the arts.",Over THB 1.5 million in scholarships awarded to high-achieving students every year (individual award percentage not publicly specified),https://wells.ac.th/school-fees/
Massachusetts Institute of Technology (MIT),MIT Scholarship (need-based grant),Need-based grant; need-blind for all including international,"Awarded on the basis of demonstrated financial need only; no separate application beyond the CSS Profile; renewed yearly with continued need. MIT is need-blind and meets full need for all undergraduates, domestic and international.","Meets 100% of demonstrated need; grant does not need to be repaid. Median MIT Scholarship around $69,777 (2024-25); from 2025-26 families earning under $200,000 typically attend tuition-free.",https://sfs.mit.edu/undergraduate-students/the-cost-of-attendance/making-mit-affordable/
Massachusetts Institute of Technology (MIT),MIT Need-Blind Admissions Policy,Need-blind admission policy (international eligible),"Admissions process is need-blind for all students, foreign and domestic; financial need is not a factor in the admission decision. MIT provides aid on the basis of financial need only and offers no merit/athletic scholarships.",Removes ability to pay as an admission factor; aid is purely need-based.,https://mitadmissions.org/help/faq/need-blind-admissions/
Harvard University,Harvard Griffin Financial Aid (need-based scholarship),Need-based grant; need-blind including international,Financial aid is available to foreign students on exactly the same basis as for American students; foreign students are not eligible for U.S. federal funding but Harvard provides its own job and scholarship money. Application instructions apply to all students regardless of citizenship.,Need-based aid; about 24% of students pay nothing to attend and more than half receive need-based scholarships. Meets 100% of demonstrated need.,https://college.harvard.edu/financial-aid
Stanford University,Stanford Need-Based Financial Aid (international),Need-based grant; need-aware for international applicants,Must indicate request for aid on the admission application; international applicants requesting aid are reviewed need-aware (request may affect admission). International students who do not request aid at application cannot apply later. No merit scholarships except a limited number of athletic awards.,Meets full demonstrated need of all admitted students regardless of citizenship through institutional grants/scholarships.,https://financialaid.stanford.edu/undergrad/how/international.html
California Institute of Technology (Caltech),Caltech Need-Based Financial Aid (international),Need-based grant; need-aware for international applicants,"International students must apply for aid as an incoming first-year; if not applied for or not qualified as a first-year, cannot apply in later years. No aid for international transfer/3-2 applicants. International students not eligible for U.S. federal aid. Requires CSS Profile, parents' tax return and Caltech Scholarship Data Form.",Need-based institutional aid covering cost of attendance based on demonstrated need (grants from institutional/endowed funds).,https://www.finaid.caltech.edu/Applying/international-students
Princeton University,Princeton Financial Aid (need-based grant),Need-based grant; need-blind including international,Admission is need-blind with no disadvantage for aid applicants; Princeton applies the same financial aid policy to international students. Determined using Princeton's own simplified formula.,Meets 100% of demonstrated financial need with grant aid (no loans). The average grant covers 100% of tuition; about 90% of recent seniors graduate debt-free.,https://admission.princeton.edu/cost-aid
Yale University,Yale Scholarship (need-based grant),Need-based grant; need-blind including international,Need-blind admissions apply to both U.S. and international students; aid awarded as need-based Yale Scholarship grants with a small term-time work expectation. Yale was the first private research university to establish need-blind admission and need-based aid. Requires CSS Profile.,"Meets 100% of demonstrated need entirely with grants (no loans). Families earning under about $75,000 typically pay $0.",https://finaid.yale.edu/
Columbia University,Columbia Need-Based Financial Aid (international),Need-based grant; need-aware for international applicants,"All financial aid is need-based; no merit scholarships for academics, athletics or talents. International applicants are evaluated need-aware (committee considers how much aid a student requires). International aid totaled about $19 million for 2023-2024.",Meets 100% of the demonstrated need of all admitted first-year students regardless of citizenship.,https://undergrad.admissions.columbia.edu/apply/international/aid
University of Pennsylvania (UPenn),Penn Grant-Based Financial Aid (international),Need-based grant (no-loan); need-aware for international applicants,Penn's grant-based financial aid policy applies to admitted international undergraduate students; international students are not eligible for U.S. federal aid. Aid is awarded based on demonstrated need.,"Commits to meet 100% of demonstrated need with grant funds and work-study (loan-free, all-grant packages).",https://srfs.upenn.edu/financial-aid/international
Cornell University,Cornell Grant / Scholarship Aid (international),Need-based grant; need-aware for international applicants,International first-year and transfer applicants seeking Cornell grant aid must complete the CSS Profile at the time of admission. Undergraduate admission for international students is need-aware (need is one factor among many).,"Meets 100% of admitted international undergraduates' demonstrated financial need with Cornell grants, an annual work-study award, and reasonable student loans depending on total family income.",https://finaid.cornell.edu/first-year-and-transfer-students-international
Brown University,Brown Need-Based Scholarship (international),Need-based grant (no-loan); need-blind for international from Class of 2029,International students applying to enter in fall 2025 (Class of 2029) and later are considered need-blind; those admitted earlier or as transfers remain under the need-aware policy. The Brown Promise replaced loans with scholarship funds (2018).,Meets 100% of demonstrated financial need; packages are loan-free (grants/scholarships only).,https://finaid.brown.edu/basics/financial-need-eligibility/need-blind
Dartmouth College,Dartmouth Need-Based Scholarship (international),Need-based grant; need-blind for all international (Class of 2026+),"Need-blind admissions policy expanded to include all international citizens beginning with the Class of 2026. Scholarships include an allowance for travel to the U.S.; first-year international students have no summer earnings expectation, with a $1,500 student work contribution in later years.","Meets the full demonstrated need of all admitted undergraduates including international students; aid award includes about $2,450 estimated annual term-time work income.",https://financialaid.dartmouth.edu/apply-aid/international-students
Northwestern University,Northwestern Need-Based Financial Aid (international),Need-based grant (loan- and work-free); need-aware for international applicants,Need-aware admission review for international students; only first-year applicants are eligible and must apply for and receive aid in the first year to qualify in later years. Considers full cost of attendance including travel allowance.,Meets 100% of demonstrated financial need for all four years; packages consist only of grants and scholarships (loan-free and work-free) that do not need to be repaid.,https://admissions.northwestern.edu/tuition-aid/international-student-aid/
Duke University,Duke Need-Based Financial Aid (Financial Support),Need-based aid,Must indicate financial-aid interest on the admissions application; international applicants requesting aid are reviewed in a separate admission pool; submit the CSS Profile by February 1. Students who decline aid interest are ineligible for institutional aid in any year.,Meets demonstrated financial need (varies by family),https://admissions.duke.edu/financial-support/
Johns Hopkins University,Hopkins Need-Based Scholarships for International Applicants,Need-based scholarship,No separate international application; all international citizens must submit the Certification of Finances (COF) form and follow the step-by-step need-based scholarship application instructions.,Need-based scholarship covering demonstrated need (varies),https://apply.jhu.edu/international-applicants/
University of Chicago (UChicago),"UChicago International Financial Aid (need-based, loan-free)",Need-based aid (grant),Available only to admitted first-year (non-transfer) international students who apply for funding during the admissions process; not available after admission or to international transfers. Submit the Student Financial Aid Worksheet (no CSS Profile/FAFSA).,Meets 100% of demonstrated need with a loan-free package,https://collegeadmissions.uchicago.edu/financial-support/international-financial-aid/
University of Chicago (UChicago),UChicago Merit Scholarships for International Students,Merit-based scholarship,All first-year applicants automatically considered; no additional application. Awarded for academic/extracurricular achievement independent of financial need. International transfer students are not eligible.,Partial-tuition award (single lump-sum or renewable annual),https://collegeadmissions.uchicago.edu/financial-support/international-financial-aid/
UCLA,UCLA Scholarship Application (institutional scholarships),Merit- and need-based institutional scholarships,"Complete the annual UCLA Scholarship Application by the priority deadline (newly admitted first-year by April 2, transfers by May 5). Federal/state need-based aid is generally unavailable to international students.",Varies by award,https://financialaid.ucla.edu/
UC Berkeley,Berkeley International Student Scholarships (incl. Regents' & Chancellor's Scholarship),Merit-based institutional scholarship,No separate application required; all admitted undergraduate international students are automatically considered for the programs for which they are eligible. Federal and state aid is generally unavailable to international students.,Varies; Regents' & Chancellor's is Berkeley's most prestigious undergraduate scholarship,https://financialaid.berkeley.edu/types-of-aid-at-berkeley/scholarships/regents-and-chancellors-scholarship/international-student-scholarships/
University of Michigan-Ann Arbor,U-M Limited Institutional Scholarships for International Students,Merit-based scholarship (limited),No federal financial aid available to international students and only limited scholarship funding; any scholarship consideration requires no additional application. Schools/colleges have very limited funding for undergraduate international students.,"Limited; varies by school/college (e.g., LSA four-year renewable scholarships)",https://finaid.umich.edu/apply-aid/international-students
New York University (NYU),NYU Financial Aid & Scholarships (merit-based + limited need-based),Merit-based and limited need-based aid,US federal aid is not available to international students; NYU considers international students for institutional scholarships and limited need-based aid (international applicants submit the CSS Profile rather than FAFSA). Award packages combine financial need and academic merit.,Varies; partial to (rarely) full tuition,https://www.nyu.edu/admissions/financial-aid-and-scholarships.html
University of Southern California (USC),"USC Merit-Based Scholarships (Trustee, Presidential, Deans)",Merit-based scholarship,"Need-based federal/university aid is limited to US citizens and eligible noncitizens; international students are eligible for merit-based scholarships, on/off-campus work, and private financing. Top merit awards may require a separate application and minimum GPA.",Trustee: full tuition (4 yrs); Presidential: half tuition (4 yrs); Deans: partial tuition,https://financialaid.usc.edu/undergraduate-financial-aid/special-populations/international-students/
University of Oxford,Clarendon Fund Scholarship,"Fully funded, merit-based (graduate: Master's & DPhil)",Open to applicants of all nationalities including Thai students; no separate application - automatically considered when applying for a graduate course by the December/January funding deadline; selected on outstanding academic merit and potential,"Full course fees plus an annual living-costs grant of at least GBP 15,009 (2025-26) for full-time scholars; about 140-200 new awards per year",https://www.ox.ac.uk/admissions/graduate/fees-and-funding/funding/clarendon
University of Cambridge,Cambridge Trust International Scholarship,"Full funding, merit-based (postgraduate/PhD)",For applicants from countries other than the UK or Ireland (includes Thailand) who are highly ranked by their prospective department; no separate application beyond the Cambridge admission application; financial situation does not affect selection,"University tuition fee at the international rate, annual maintenance allowance and the Student Immigration Health Surcharge; approximately 63 awards per year",https://www.cambridgetrust.org/scholarship/cambridge-international-scholarship/
Imperial College London,President's PhD Scholarships,"Fully funded (doctoral/PhD), open to any nationality",High-performing undergraduate or Master's students wishing to undertake a PhD at Imperial; open to applicants of any nationality including international/Thai students,Full tuition fees plus a generous stipend for a 3.5-year PhD place,https://www.imperial.ac.uk/study/fees-and-funding/postgraduate-doctoral/grants-scholarships/presidents-phd/
University College London (UCL),UCL Global Scholarships (Undergraduate & Masters),Need-based support for international students (separate UG and Master's schemes),Open to international students from lower-income backgrounds; aims to widen access so the student body remains diverse; separate schemes for undergraduate and taught Master's study,Support for living costs and/or tuition fees for the duration of the degree (Global Undergraduate award can cover 100% of tuition plus a living stipend for some recipients),https://www.ucl.ac.uk/scholarships/ucl-global-scholarships
London School of Economics (LSE),Graduate Support Scheme (GSS),Need-based (means-tested) partial award for taught master's/diploma,"Open to all applicants for diploma and taught master's study with Home or Overseas fee status (includes international/Thai students); assessed on financial need, not academic merit; intended to supplement existing funding","Awards ranging from GBP 5,000 to GBP 20,000 depending on financial need (LSE provides around GBP 3 million per year)",https://www.lse.ac.uk/study-at-lse/Graduate/fees-and-funding/secure/graduate-support-scheme
University of Edinburgh,GREAT Scholarships (Thailand) / Edinburgh international postgraduate funding,"Partial, country-specific (postgraduate taught); plus wider international schemes","In partnership with the British Council and the GREAT Britain Campaign, Edinburgh offers scholarships to students in Thailand (also Mexico and Ghana) applying for one-year postgraduate courses; the University also runs the Edinburgh Global Research Scholarship for overseas PhD students",Partial award towards one-year postgraduate study for Thai students (GREAT Scholarship); Edinburgh Global Research Scholarship covers the overseas/home PhD tuition fee differential,https://registryservices.ed.ac.uk/student-funding/postgraduate/international
King's College London (KCL),King's Business School Postgraduate (MSc) Scholarships,Merit/diversity-based partial award (taught master's),"Open to the brightest students from around the world (includes international/Thai students); rewards academic excellence, diversity and ambition; applicants apply for the single scholarship that best represents them","A portfolio of scholarships covering up to 50% of tuition fees, with others worth up to GBP 10,000",https://www.kcl.ac.uk/business/postgraduate/postgraduate-scholarships
University of Manchester,Global Futures Scholarship,"Merit-based partial award (undergraduate & master's), international students","For self-funded international (overseas-fee) students from a selection of countries; awarded on academic excellence and online application responses; excludes certain courses (e.g. MBA, Medicine, Dentistry, Architecture)","Undergraduate awards of GBP 8,000 per year (up to ~GBP 24,000 over three years); master's awards of GBP 15,000 - as a discount on overseas tuition fees",https://www.manchester.ac.uk/study/international/finance-and-scholarships/funding/
London Business School MBA,"LBS MBA Scholarships (portfolio, incl. Laidlaw Women's Leadership Fund)",Merit/need/diversity-based partial awards (MBA),"Admitted MBA students are automatically considered for all internal awards; fees are the same for international and domestic students, so awards are open to international/Thai admits; some awards target specific groups (e.g. women via the Laidlaw Women's Leadership Fund)","Partial awards varying by scholarship (set against 2026 MBA tuition of GBP 123,950); e.g. Laidlaw Women's Leadership Fund and other portfolio awards",https://www.london.edu/masters-degrees/mba/fees-financing-and-scholarships
ETH Zurich,Excellence Scholarship & Opportunity Programme (ESOP),Merit-based excellence scholarship (Master's),"Open to students of all nationalities (Swiss and international); requires a top-10% bachelor's result (grade A); not eligible if already enrolled in or holding a master's degree; apply within the first application window (November) via eApply, including a self-developed master's thesis pre-proposal and two references","CHF 12,000 per semester for living and study costs plus a full tuition fee waiver for the regular duration of the master's (3-4 semesters)",https://ethz.ch/students/en/studies/financial/scholarships/excellencescholarship.html
EPFL,EPFL Master's Excellence Fellowship,Merit-based excellence fellowship (Master's),"For the most outstanding incoming master's students (those with an EPFL bachelor's as well as those who began studies at another institution); awarded on remarkable academic results and distinction in extracurricular (sporting, artistic, civic or entrepreneurial) activities; candidates must tick the corresponding box on the master's application form and provide the requested application file","CHF 10,000 per semester, together with guaranteed housing",https://www.epfl.ch/education/master/master-excellence-fellowships/
TU Munich,Scholarship for International Students of TUM,Merit- and need-based one-time financial aid (funded by the Bavarian government),For international students not eligible for BAfoeG due to nationality; from the 3rd semester of bachelor's or 2nd semester of master's studies at TUM (1st master's semester if the bachelor was completed at TUM). Requires good academic records and proven financial need; students may reapply each semester.,"One-time aid of EUR 500 to EUR 1,800 per semester (maximum funding period 36 months)",https://www.tum.de/en/studies/fees-and-financial-aid/scholarships/tum-scholarships/scholarship-for-international-students-of-tum/
LMU Munich,SIST LMU Study Scholarship and Deutschlandstipendium,Merit- and need-based (Bavaria/DAAD funded) plus merit-based Deutschlandstipendium,SIST Study Scholarship is for registered international full-time students/doctoral candidates demonstrating academic excellence and financial need (applied for via the International Office). The Deutschlandstipendium is open to enrolled LMU students of all nationalities with excellent academic performance and above-average commitment.,SIST Study Scholarship up to EUR 650 (max 10 months); Deutschlandstipendium EUR 300/month for one year,https://www.lmu.de/en/workspace-for-students/student-support-services/finance-your-studies/scholarships/scholarships-for-international-students/index.html
Heidelberg University,Deutschlandstipendium and Hans-Peter Wild Talent Scholarships (plus targeted international scholarships),Merit-based (Deutschlandstipendium and MINT/STEM talent award); additional targeted international scholarships,"Deutschlandstipendium is open to gifted students of all nationalities enrolled or admitted at Heidelberg, selected purely on merit (grades, social commitment, achievements; income not considered). Hans-Peter Wild Talent Scholarships support prospective BA/MA students of all nationalities in a MINT (STEM) subject. Other awards (Amirana, HAUS, Baden-Wuerttemberg-STIPENDIUM, DAAD STIBET) target specific international groups.",Deutschlandstipendium EUR 300/month (min. 2 semesters); other awards vary,https://www.uni-heidelberg.de/en/study/management-of-studies/funding-of-studies/scholarships-for-students
HEC Paris Grande Ecole,HEC Foundation Excellence Scholarship (plus need-based scholarships),Merit-based (tuition fee reduction); need-based aid also available,"Open to international students admitted to HEC Paris Master's (Grande Ecole) programs. Merit awards decided on academic excellence, overall application strength, interview performance and GMAT/GRE/TAGE-MAGE; all admitted applicants are automatically considered. International applicants may additionally apply for need-based scholarships.",Awarded as a reduction of tuition fees (amount varies by award),https://www.hec.edu/en/hec-paris-scholarships
HEC Paris MiM Master,HEC Foundation Excellence Scholarship / merit-based Master in Management scholarships,Merit-based (tuition fee reduction); eligible for external Eiffel Excellence Scholarship,"All applicants admitted into the HEC Paris Master's programmes are automatically considered for merit-based scholarships, judged on academic excellence and application strength. International applicants may also apply for need-based aid; the Eiffel Excellence Scholarship (French Ministry of Foreign Affairs) is available to international students.",Tuition fee reduction (amount varies); external Eiffel adds a monthly stipend,https://www.hec.edu/en/hec-paris-scholarships
HEC Paris MBA,HEC Paris MBA Scholarship for Excellence,Merit-based (tuition fee reduction),"Automatically considered for all admitted MBA candidates; awarded on academic excellence, professional achievements and leadership potential. Additional MBA awards target diversity and women (e.g. Forte Foundation, 30% Club).",Up to 50% of tuition fees,https://gmatclub.com/blog/hec-paris-mba-scholarships-for-international-students/
Sciences Po,Emile Boutmy Scholarship,Merit-based excellence scholarship (tuition exemption/reduction),"For first-time applicants to Sciences Po from a non-EU state whose household does not file taxes in the EU, admitted to an eligible Bachelor's or Master's programme. Awarded on merit; a separate scholarship request is made in the application's Financial Information section. Swiss/Norwegian and EU dual-nationals excluded.","Bachelor's: full tuition exemption or EUR 9,500/year reduction. Master's: EUR 18,500/year exemption for each of the two years.",https://www.sciencespo.fr/students/en/fees-funding/bursaries-financial-aid/emile-boutmy-scholarship/
PSL Paris (Universite PSL),PSL Graduate Programs Excellence Scholarships and PSL PhD Track grants,Merit-based excellence grants; fully funded PhD tracks,Open to international Master's and doctoral students. Excellence grants awarded on academic excellence and motivation (financial need considered in some cases); the highly selective PSL PhD Tracks combine a Master's and Doctorate over a fully funded 5-year programme taught in English.,Excellence grants vary by programme; PSL PhD Tracks fully funded for the 5-year duration,https://psl.eu/en/education/international-students
Sorbonne Universite,France Excellence Eiffel Scholarship (university-nominated) and institutional financial assistance (FSDIE / fee exemptions),Government merit scholarship (Eiffel) plus institutional one-off aid,"International Master's and PhD applicants are nominated by Sorbonne University for the Eiffel Excellence Scholarship (students cannot apply directly). The university also offers fee exemptions, exceptional refunds and one-off financial assistance through the FSDIE solidarity fund.","Eiffel: EUR 1,181/month (Master's), EUR 1,800/month (PhD) plus benefits; institutional aid varies",https://www.sorbonne-universite.fr/en/education/student-life/grants-and-financial-assistance
TU Delft,Justus & Louise van Effen Excellence Scholarship,Merit-based excellence scholarship (MSc),"International students with a non-Dutch bachelor's degree, (conditionally) admitted to a 2-year TU Delft MSc programme; outstanding academic record (CGPA ~80%+ / top 10%); must submit the scholarship form and 2 reference letters together with the MSc application before the first deadline","Full tuition fee waiver plus a contribution to living expenses (approx. EUR 30,000/year for non-EU/EFTA and EUR 11,500/year for EU/EFTA students) for the 2-year programme",https://www.tudelft.nl/en/education/study-programme-orientation/practical-matters/scholarships
University of Amsterdam (UvA),Amsterdam Merit Scholarship (AMS),"Merit-based scholarship (Master's, some Bachelor's)","Open to outstanding students holding a non-EU/EEA passport who have applied for a degree programme at UvA; applications submitted to the Admissions Offices of the Graduate Schools; eligibility, selection criteria and deadlines differ per Faculty/Graduate School","Varies by faculty: from full tuition fees plus a EUR 5,000 allowance (Business & Economics) to cash awards of EUR 15,000 (Science) or EUR 25,900 (Law); overall range approx. EUR 2,000-37,500",https://www.uva.nl/en/education/fees-and-funding/masters-scholarships-and-loans/amsterdam-merit-scholarship/amsterdam-merit-scholarship.html
Bocconi University,Bocconi Merit Award,Merit-based full tuition waiver (Bachelor's/MSc),"Awarded to the top academic applicants admitted to a Bachelor or Master of Science programme; assessed automatically from the admission dossier (GPA, SAT/GMAT, CV, personal statement) with no separate scholarship application; international, Italian and current Bocconi students assessed in separate pools; renewable for the full programme if minimum credit requirements are met","Full tuition waiver (approx. EUR 12,000/year undergraduate, EUR 13,000-14,000/year graduate), with possible free accommodation in a Bocconi Residence",https://www.unibocconi.it/en/applying-bocconi/master-science-and-ma-programs/funding/international-applicants
SDA Bocconi MBA,Full-Time MBA Merit-Based Tuition Waivers,Merit-based partial/full tuition waiver (MBA),"Open to candidates who have submitted an application for the 2026-2027 Full-Time MBA; apply for the waiver on the online application portal by the round deadlines (multiple applications allowed); waivers from 60% require a minimum GMAT of 615, full waivers require a minimum GMAT of 645; selection based on academic/professional record and MBA selection results","Grants ranging from 10% up to 100% of the EUR 82,000 programme cost (total scholarship budget of EUR 1,000,000)",https://www.sdabocconi.it/en/mba-executive-mba/full-time-mba/fees-and-scholarships/
Karolinska Institutet,KI Global Master's Scholarship,Tuition-fee scholarship (Master's),"For tuition-fee-paying (non-EU/EEA) first-year students admitted to one of KI's global master's programmes; must have paid the application fee and fulfil entry/documentation requirements; separate scholarship application in February; highly competitive (about 1 scholarship per programme, ~10 awarded in 2025 from 687 applicants)","Covers the full tuition fee (travel, living and other costs are not covered)",https://education.ki.se/bachelors-masters-studies/scholarships/the-ki-global-masters-scholarships-for-fee-paying-students
KU Leuven,Science@Leuven Scholarship,"Merit-based partial tuition fee waiver (Master's, Faculty of Science)",For talented international students admitted to a master's programme at the KU Leuven Faculty of Science; only students with excellent prior results (equivalent to at least a Distinction at KU Leuven) are considered; financed by the Science@Leuven Fund; highly competitive with a limited number available each year,"Partial tuition fee waiver - non-EEA recipients pay a reduced annual fee of EUR 1,426 regardless of programme",https://www.kuleuven.be/scholarships/year/2025-2026/science-leuven-scholarship
Trinity College Dublin,Global Excellence Postgraduate Scholarship,Merit-based partial tuition reduction (Postgraduate taught),"For international (non-EU fee status) students who have a course offer for a full-time postgraduate taught programme in 2026/2027; business, engineering, natural sciences and computer science & statistics courses are excluded; students from China apply for the Claddagh Scholarship instead; apply online with a statement on contributing to the Trinity community; assessed on a rolling basis by region","One-time reduction of the tuition fees of EUR 2,000-5,000 depending on the region",https://www.tcd.ie/study/international/scholarships/postgraduate/gexpg.php
Tsinghua University,Chinese Government Scholarship (CGS / CSC),"Full or partial, government (administered by China Scholarship Council)","Non-Chinese citizen in good health; meets age/degree limits (Bachelor under 25, Master under 35, PhD under 40); HSK 4 for Chinese-taught or TOEFL/IELTS for English-taught; select Tsinghua as first priority. Open to international students including Thai. Type A applied via Chinese Embassy/Consulate, Type B via the university.","Full CGS: tuition fees, free university dormitory or accommodation subsidy, comprehensive medical insurance, and monthly living stipend (approx. CNY 2,500 undergraduate / 3,000 master / 3,500 doctoral). Partial CGS covers one or some of these items.",https://international.join-tsinghua.edu.cn/Admission1/Freshmen_Scholarships1.htm
Tsinghua University,Tsinghua University Institutional Scholarship,"Partial/full, university-funded (alumni and corporate donations)",International freshmen / degree-seeking international students at Tsinghua; encouraged to apply alongside the Chinese Government Scholarship per university announcements.,University institutional scholarship supporting academic development and personal growth of international students; amount varies by award and donor.,https://international.join-tsinghua.edu.cn/Admission1/Freshmen_Scholarships1.htm
Peking University,Chinese Government Scholarship (Type A and Type B),"Full, government (China Scholarship Council)",Non-Chinese citizen in good health; meets degree/age requirements; HSK for Chinese-taught or TOEFL/IELTS for English-taught programs; apply via PKU International Students Online Application System plus the CSC system. Open to international students including Thai.,"Tuition waiver, on-campus accommodation or living allowance, comprehensive medical insurance, and monthly living allowance (approx. CNY 2,500 undergraduate / 3,000 master / 3,500 doctoral).",https://www.isd.pku.edu.cn/en/scholarship.php
Peking University,PKU Scholarship for International Students,"Full or partial, university-funded","Degree-seeking international students at PKU (bachelor's, master's, PhD); listed among PKU institutional scholarships on the Office of International Relations / ISD scholarship page.","Partial scholarship typically covers 100% tuition; full scholarship covers tuition, living stipend, accommodation expenses and comprehensive medical insurance.",https://www.isd.pku.edu.cn/en/scholarship.php
Fudan University,Chinese Government Scholarship - Chinese University Program (Type B),"Full, government (China Scholarship Council, Fudan Agency No. 10246)","Non-Chinese citizen in good health; master's applicants under 35, doctoral under 40; must not hold any other Chinese government scholarship; apply via campuschina.org and Fudan's istudent portal selecting Fudan as the only Type B choice. Open to international students including Thai.","Exemption from tuition fees, free on-campus accommodation or accommodation subsidy, comprehensive medical insurance, and living stipend (CNY 3,000/month master's, CNY 3,500/month doctoral).",https://iso.fudan.edu.cn/isoenglish/82/fe/c17458a754430/page.htm
Shanghai Jiao Tong University,Chinese Government Scholarship (CGS / CSC),"Full, government (Type A via embassy, Type B via university)",Non-Chinese citizen; undergraduate applicants apply via local Chinese Embassy/Consulate and select SJTU as first priority; graduate applicants may apply through SJTU (Type B) or embassies/consulates. Open to international students including Thai.,"Full scholarship covering tuition, stipend, comprehensive medical insurance; SJTU does not provide a free dormitory but provides an accommodation subsidy of CNY 1,100 per month.",https://global.sjtu.edu.cn/en/study-sjtu/prospective/scholarships/60
Shanghai Jiao Tong University,Shanghai Government Scholarship,"Partial/full, municipal government (Shanghai)",International students applying to SJTU degree programs; administered via SJTU's prospective international student scholarships page alongside the CGS.,Shanghai municipal scholarship supporting international students; coverage subject to the Shanghai Government Scholarship standard as listed on the SJTU scholarship page.,https://global.sjtu.edu.cn/en/study-sjtu/prospective/scholarships/60
Zhejiang University,Chinese Government Scholarship - Chinese University Program (Type B),"Full, government (China Scholarship Council)",Full-time postgraduate (master's/doctoral) applicants who meet ZJU postgraduate admission qualifications; non-Chinese citizen; apply via the CSC Online Application System and ZJU. Application deadline December 31. Open to international students including Thai.,Tuition waiver; free on-campus accommodation or accommodation allowance; living stipend per the relevant standard; comprehensive medical insurance.,https://iczu.zju.edu.cn/admissionsen/2022/0530/c68995a2590720/page.htm
Nanjing University,"Chinese Government Scholarship - Nanjing University Postgraduate / High-Level Program (Type B, Agency No. 10284)","Full, government (China Scholarship Council)","Non-Chinese citizen in good health; master's applicants hold a bachelor's degree and under 35, doctoral applicants hold a master's degree and under 40; HSK 4-5 for Chinese-taught or IELTS 6.0/TOEFL 85 for English-taught; cannot hold another Chinese scholarship. Application period Jan 1 - Mar 31. Open to international students including Thai.","Tuition waived, insurance fee covered, and monthly stipend of CNY 3,000 for master's and CNY 3,500 for doctoral students.",https://stuex.nju.edu.cn/en_/23291/list.htm
Nanjing University,Nanjing Government Scholarship,"Partial, municipal government (Nanjing)",International students at Nanjing University; application period March 1 - June 15; administered by the Institute for International Students. Open to international students including Thai.,"CNY 20,000/year for postgraduate and PhD students, CNY 10,000/year for undergraduate students, CNY 5,000/semester for non-degree students.",https://stuex.nju.edu.cn/en_/23291/list.htm
Nanjing University,Confucius Institute Scholarship (International Chinese Language Teachers Scholarship),"Full, government (Confucius Institute Headquarters / Hanban)",For applicants to Chinese Language Advanced Study Programs or the Master's Program of Teaching Chinese to Speakers of Other Languages; non-Chinese citizen aged 16-35 with good academic record; application period March - May. Open to international students including Thai.,"Exemption from registration fees, tuition, basic learning material fees and on-campus accommodation fees; one-off resettlement subsidy, monthly living allowance, outpatient medical service and comprehensive insurance.",https://stuex.nju.edu.cn/en_/23291/list.htm
USTC,Chinese Government Scholarship (CGS),"Full, government (Ministry of Education of China)",Postgraduate (master's or PhD) applicants; non-Chinese citizen; apply online via the USTC ISA system. Deadline December to 15th of March. Open to international students including Thai.,"Waived tuition and free accommodation; monthly living allowance of CNY 3,000 - 3,500; comprehensive medical insurance.",http://ustc.admissions.cn/guide
USTC,CAS-TWAS President's Fellowship Program,"Full, fellowship (Chinese Academy of Sciences & TWAS)",For PhD candidates; non-Chinese citizen; apply online via the USTC ISA system. Deadline December to end of March. Open to international students including Thai.,"Waived tuition; travel from home country to China (one trip per person); monthly living allowance of CNY 7,000 - 8,000.",http://ustc.admissions.cn/guide
USTC,USTC Fellowship / USTC Scholarship,"Full or partial, university-funded",For degree-seeking and exchange students; non-Chinese citizen; Scholarship A applicants must not be a CGS awardee and must meet degree/HSK/age limits; apply via the USTC online application system (isa.ustc.edu.cn). Open to international students including Thai.,"Tuition waiver and monthly stipend (Bachelor CNY 2,500 / Master CNY 3,000 / Doctoral CNY 3,500; up to ~CNY 7,000/month for top PhD candidates).",http://ustc.admissions.cn/guide
Wuhan University,"Chinese Government Scholarship - Youth of Excellence Scheme of China Program (Type A, Agency code 1563)","Full, government (China Scholarship Council)","Non-Chinese citizen under 45 in good health; bachelor's degree or above with at least 3 years of work experience; government officials, senior managers, university/research administrators or those with international-organization experience; English-taught master's (Geospatial Information Technology or Public Health); TOEFL 80+/IELTS 6.0+. Apply via WHU online system before March 1 then CSC system before March 31. Open to international students including Thai.","Full scholarship (tuition, accommodation, stipend and comprehensive medical insurance per CGS full standard) for a two-year '1+1' mode master's program.",https://admission.whu.edu.cn/info/1251/5452.htm
Sun Yat-sen University,"Chinese Government Scholarship (Bilateral, High-Level Graduate, Silk Road and Youth of Excellence Programs)","Full, government (China Scholarship Council)","Non-Chinese citizen in good health; bachelor's applicants under 25, master's under 35, doctoral under 40; HSK 3-5 for Chinese-taught or TOEFL 79/IELTS 6.5 for English-taught; apply via SYSU Office of International Students' Affairs and the CGS system. Open to international students including Thai.","Full scholarship covering tuition, accommodation/living expenses, monthly stipend and comprehensive medical insurance (per CGS full standard).",https://iso.sysu.edu.cn/en/application/scholarship/index.htm
Sun Yat-sen University,Silk Road - Chinese Government Scholarship Program,"Full, government (China Scholarship Council, Belt and Road)","Applicants from 10 Belt and Road countries explicitly including Thailand; bachelor's (under 25), master's (under 35) or doctoral (under 40) holders with excellent academic records; HSK or TOEFL/IELTS as required; maximum 10 students admitted on competitive merit.","Full Chinese Government Scholarship (tuition, accommodation, stipend and medical insurance) to pursue bachelor's, master's or doctoral degrees at SYSU.",https://iso.sysu.edu.cn/en/application/scholarship/1418849.htm
Renmin University of China,"Chinese Government Scholarship (Type A Bilateral and Type B High-Level/Silk Road, Agency No. 10002)","Full, government (China Scholarship Council)",Non-Chinese citizen; Type A applicants apply first to dispatching authorities (e.g. Chinese embassies) and select RUC as first choice; Type B applicants apply to both RUC and CSC simultaneously via studyinchina.csc.edu.cn. Open to international students including Thai.,"Full scholarship covering tuition, accommodation, living allowance and comprehensive health insurance.",http://msf.sf.ruc.edu.cn/Apply/Scholarships/index.htm
Renmin University of China,Beijing Government Scholarship,"Full or partial, municipal government (Beijing)",Outstanding international students studying or conducting research at RUC / institutions in Beijing; opens for application at the beginning of the new semester.,Covers full or partial tuition fees and comprehensive medical insurance.,http://sis.ruc.edu.cn/en/degreePrograms/english/master/FeesandScholarship/index.htm
Beijing Normal University,"Chinese Government Scholarship - Chinese University Program (Type B, Agency No. 10027)","Full, government (China Scholarship Council)","Non-Chinese citizen; supports undergraduate and graduate students (bachelor under 25, master under 35, doctoral under 40); HSK for Chinese-taught or IELTS/TOEFL for English-taught; applicants should not hold any other scholarship; apply via BNU International Student Application System and CSC between November and March. Open to international students including Thai.","Tuition, free university dormitory or accommodation subsidy, monthly stipend, and comprehensive medical insurance (per CGS full standard).",https://admission-is.bnu.edu.cn/english/international/chineseovernment/typebchinese/index.html
Beijing Normal University,"BNU Scholarships (Beijing Government Scholarship, BNU New International Student Scholarship, 'Silk Road Muduo' Scholarship, Belt and Road School Scholarship)","Full or partial, university and municipal-funded",International students applying to BNU; apply online via the BNU International Students Online Service System and submit paper materials to BNU; eligibility per the latest BNU Admission Brochure. Open to international students including Thai.,University/municipal scholarships covering full or partial tuition and related support; coverage varies by specific scholarship per the BNU admission brochure.,https://admission-is.bnu.edu.cn/english/international/index.html
Tongji University,Chinese Government Scholarship (CSC) - High Level Postgraduate Program (Type B) & Tongji University International Student Excellence Scholarship,Government (CSC) administered by the university + university merit scholarship,"Non-Chinese citizens in good health; Master's applicants under 35 and PhD applicants under 40; cannot hold another Chinese government scholarship; apply via Tongji portal (agency no. 10247, Type B) plus CSC system","Full tuition waiver, free on-campus accommodation (or housing subsidy RMB 700/month Master's, RMB 1,000/month PhD), living stipend RMB 3,000/month (Master's) and RMB 3,500/month (PhD), comprehensive medical insurance",https://study.tongji.edu.cn/English/HOME/Scholarships.htm
Beihang University,"Beihang University Foreign Students Scholarship (incl. Outstanding Talents Scholarship for Freshmen, Self-Supported & Distinguished Foreign Students Scholarship)",University-funded scholarship for international students (alongside CSC and Beijing Government Scholarship),"International (non-Chinese) students who meet Beihang admission requirements; awards include freshman 'Outstanding Talents', self-supported, distinguished, and program/cooperation scholarship categories; applied through the International School",Tuition reduction/waiver and/or stipend depending on award category (full or partial; varies by scholarship tier and program),https://is.buaa.edu.cn/en/jxj/bhwglxsjxj.htm
Harbin Institute of Technology (HIT),HIT International Students Scholarship,University merit scholarship (tuition-waiver tiers),"Non-Chinese citizens in good health; Bachelor's applicants under 25, Master's under 30, Doctoral under 35; no double benefits (cannot hold multiple scholarships); language proof required (HSK 4 >=210 for Chinese-taught or English certificate)",Tuition-fee waiver tiers - Elite: 100% tuition waiver; First: 50% waiver; Second: 30% waiver; Third: 20% waiver,https://studyathit.hit.edu.cn/18367/list.htm
Xi'an Jiaotong University,"XJTU Siyuan International Student Scholarship (plus CSC, Belt & Road and city scholarships)","University scholarship for international students (alongside CSC Type B, agency no. 10698)","Non-Chinese citizens; designated CSC university; XJTU Siyuan supports up to 2 years (Master's) / 3 years (PhD); CSC route open to all nationalities meeting age/health requirements, English proficiency certificate accepted","Tuition-fee waiver plus monthly living allowance (Siyuan); CSC route adds full tuition, free accommodation, medical insurance and stipend RMB 3,000/month (Master's) and RMB 3,500/month (PhD)",https://en.xjtu.edu.cn/scholarship.html
Nankai University,Chinese Government Scholarship - Nankai University (Type B / University Program),Government (CSC) administered by the university,"Non-Chinese citizens in good health; apply via Nankai International Student Online Service System plus CSC Online Application System (agency no. 10055, Type B); recipients may not concurrently hold another Chinese government/Nankai scholarship; application period Oct 2025-Mar 2026","Tuition waiver, free on-campus accommodation or accommodation subsidy, monthly stipend per standard, comprehensive medical insurance",https://ensie.nankai.edu.cn/info/1046/1336.htm
Tianjin University,Peiyang Future Scholar Scholarship for International Students,University-funded scholarship (School of International Education),"Non-Chinese citizens with valid passport; PhD applicants hold a Master's degree and under age 40 (Master's applicants under 35); good health/conduct; HSK-5 (>=180) for Chinese-taught or IELTS 6.0/TOEFL 80 for English-taught; apply online at tju.at0086.cn; deadline May 31, 2026","PhD: full tuition subsidy RMB 38,000/academic year, living allowance RMB 3,500/month, free on-campus accommodation (Master's: tuition subsidy RMB 30,000/year, RMB 3,000/month, free accommodation)",https://sie.tju.edu.cn/en/jxj/PeiyangFutureScholarScholarship/202603/t20260306_324563.html
Southeast University,"SEU Scholarship (Southeast University School Scholarship) plus Chinese Government Scholarship (CSC, agency no. 10286)",University scholarship for international students (plus government CSC route),"Non-Chinese citizens in good health; apply via SEU online system (fs.seu.edu.cn); HSK 4 (200+) for Chinese-taught programs or TOEFL 80/IELTS 6.0 for English-taught; Master's applicants under 35, PhD under 40; application period Nov 2025-May 2026","SEU Scholarship: partial tuition plus monthly living allowance; CSC route: full tuition, free accommodation, medical insurance, stipend RMB 3,000/month (Master's) and RMB 3,500/month (PhD)",https://cis.seu.edu.cn/hwenglish/14010/list.htm
Sichuan University,Chinese Government Scholarship (Bilateral / University / Student Exchange Programs),Government (CSC) administered by the university,"Non-Chinese citizens; Bilateral Program open to undergraduates, postgraduates and scholars (apply via home-country dispatching authority); University Program for postgraduates selected/recommended by SCU; covers both major study and one-year Chinese language (preparatory) study","Full scholarship: tuition waiver, accommodation, living stipend and comprehensive medical insurance (per CSC standards)",https://global.scu.edu.cn/oso/article/details/ffb69423-aba9-4731-a263-b37f66604a29
HUST,"China Link Scholarship Program (CSC-funded) and Chinese Government Scholarship - Chinese University Program (Type B, agency no. 10487)",Government (CSC) fully funded scholarship administered by the university,"Non-Chinese citizens in good health; China Link for general scholars (current UG/Master's, under 45) and senior scholars (PhD students/faculty, under 50) from CSC partner universities, 1-12 months; CGS University Program for Master's (Bachelor's, under 35) and PhD (Master's, under 40), GPA 3.0/4 or 75%+, HSK 4-5 or TOEFL 80/IELTS 6.0","Full scholarship: tuition waiver, free on-campus accommodation, comprehensive medical insurance and monthly stipend (RMB 3,000 general scholars/Master's; RMB 3,500 senior scholars/PhD)",https://iso.hust.edu.cn/info/1194/4713.htm
Australian National University (ANU),ANU Chancellor's International Scholarship,Merit / International,Automatically assessed for commencing international (overseas) students who receive an offer in an eligible undergraduate or postgraduate coursework program; selection by academic merit; no separate application; ~200 awards; some categories (e.g. South East Asia) eligible for the higher rate.,25% or 50% tuition fee waiver for the duration of the degree,https://study.anu.edu.au/scholarships/find-scholarship/anu-chancellors-international-scholarship
University of Melbourne,Melbourne International Undergraduate Scholarship,Merit / Need / International,"For international students enrolling in a bachelor degree who are citizens of countries with GDP per capita of US$10,000 or less; automatic consideration on admission; ranked on final secondary/foundation results. (Note: 25% for awards before 2027; 20% from 2027.)",25% tuition fee remission for the duration of the course,https://scholarships.unimelb.edu.au/awards/melbourne-international-undergraduate-scholarship
University of Sydney,International student scholarships (incl. Sydney International Student Award and Vice-Chancellor's International Scholarships Scheme),Merit / International,"Range of scholarships for international undergraduate, postgraduate coursework and research students; over AUD $135 million in scholarships awarded each year; eligibility and application vary by award.","Varies by award (e.g. tuition reductions, stipends; over AUD $135 million awarded annually)",https://www.sydney.edu.au/scholarships/international.html
UNSW Sydney,International Scientia Coursework Scholarship (PUCA1025),Merit / International,UNSW's most prestigious international award; rewards high academic achievement plus leadership and extracurricular activity; for international students commencing full-time undergraduate or postgraduate coursework; separate application required.,"Full tuition fee support, or AUD $20,000 per year towards tuition for the minimum program duration",https://www.unsw.edu.au/study/your-future/international-scholarships
UNSW Sydney,International Student Award,International,"For citizens of eligible countries commencing studies in 2026 or 2027 in undergraduate, postgraduate or UNSW College diploma programs; can be combined with other international scholarships.",20% contribution towards tuition fees for every year of the program,https://www.unsw.edu.au/study/your-future/international-scholarships
Monash University,Monash International Merit Scholarship,Merit / International,International students from all countries who receive a full (unconditional) undergraduate course offer at a Monash campus in Australia are automatically considered; selected on academic achievement (~20 per year); must maintain a distinction (70%+) average.,"AUD $15,000 per annum (awards from 2026), up to AUD $75,000 for the degree duration",https://www.monash.edu/study/fees-scholarships/scholarships/find-a-scholarship/international-merit-5770
University of Queensland (UQ),UQ International Excellence Scholarship,Merit / International,For international students with an unconditional offer in an eligible undergraduate or postgraduate coursework program commencing in 2026 who achieve a competitive score among offer holders; automatic consideration; cannot hold another UQ fee reduction or full external scholarship.,25% reduction in tuition fees per semester for the duration of the program,https://scholarships.uq.edu.au/scholarship/uq-international-excellence-scholarship
University of Queensland (UQ),International Onshore Merit Scholarship,Merit / International,For international students who completed their most recent qualification in Australia (used for admission) and achieve a competitive score among offer holders; automatic consideration on application.,"AUD $10,000 tuition fee reduction (2 x AUD $5,000 across the first two semesters)",https://scholarships.uq.edu.au/scholarship/international-onshore-merit-scholarship
University of Western Australia (UWA),Global Excellence Scholarship,Merit / International,International students from all countries with an offer for an eligible 2026 undergraduate or postgraduate coursework course and an equivalent minimum ATAR of 85.00 (UG) or WAM of 65.00 (PG); automatically assessed by Admissions; value tiered by entry score.,"AUD $6,000-$12,000 per year; up to AUD $48,000 (UG, 4 years) or AUD $24,000 (PG, 2 years)",https://www.uwa.edu.au/study/scholarships-and-fees/scholarships/international-scholarships/global-excellence-scholarship
University of Adelaide,Adelaide Merit Scholarship (15%),Merit / International,"For international students starting an undergraduate or postgraduate coursework degree who achieve a credit average (e.g. minimum ATAR 80, IB 28, GCE A levels score 9, or GPA 5.0/7.0); automatically awarded at offer; must maintain minimum GPA 4.5/7.0.",15% tuition fee reduction for the standard full-time duration of the program,https://www.adelaide.edu.au/study/scholarships/int/adelaide-merit-scholarship-15/
University of Technology Sydney (UTS),UTS Academic Excellence International Scholarship,Merit / International,Automatically awards top commencing international students starting undergraduate or postgraduate coursework study on campus in Sydney; selected on academic merit; no separate application.,30% tuition fees scholarship for the standard course duration,https://www.uts.edu.au/for-students/admissions-entry/scholarships/international
University of Technology Sydney (UTS),UTS Vice-Chancellor's International Undergraduate Scholarship,Merit / International,For high-achieving commencing international undergraduate coursework students at UTS in Sydney; awarded on academic merit.,Full tuition scholarship for the standard course duration,https://www.uts.edu.au/for-students/admissions-entry/scholarships/international
Macquarie University,Vice-Chancellor's International Scholarship (VCIS),Merit / International,"Competitive, merit-based award for full-time international students commencing an undergraduate or postgraduate coursework degree with a minimum ATAR equivalent of 85 (UG) or WAM equivalent of 65 (PG); requires a full offer plus a short scholarship application form.","Up to AUD $10,000 applied towards tuition fees (one-off award)",https://www.mq.edu.au/study/admissions-and-entry/scholarships/international/vice-chancellor-s-international-scholarship/
RMIT University,Academic Merit Scholarship,Merit / International,Supports outstanding international students from Southeast Asia (incl. Thailand) entering eligible programs at RMIT in Melbourne; awarded on academic merit.,20% tuition fee reduction for eligible programs,https://www.rmit.edu.au/scholarships
Deakin University,Deakin Vice-Chancellor's International Scholarship,Merit-based tuition fee reduction,For high-achieving international students applying to a Deakin undergraduate or postgraduate coursework degree; separate application required; automatic consideration for most other international scholarships based on academic merit.,100% or 50% tuition fee reduction for the duration of the degree,https://www.deakin.edu.au/international-students/international-student-scholarships
Queensland University of Technology (QUT),International Merit Scholarship,Merit-based tuition fee reduction,For prospective international undergraduate and postgraduate students who meet minimum academic standards; selected faculties only; no separate application required (assessed on course application).,25% of tuition fees for the full duration of the program,https://www.qut.edu.au/study/international/scholarship-opportunities
Curtin University,Curtin International Scholarship (Global Merit Scholarship),Merit-based tuition fee credit,For international students; one-off credit towards tuition fees based on academic performance; assessed automatically by Global Admissions on course application.,"One-off credit of AUD$10,000, up to AUD$12,500 based on academic performance",https://www.curtin.edu.au/study/scholarships/international-scholarships/
Griffith University,Vice Chancellor's International Scholarship,Merit-based tuition fee reduction,For exceptional international students applying for undergraduate and postgraduate coursework study; separate application with academic transcripts and personal statement required; must maintain eligibility each trimester.,50% of tuition fees,https://www.griffith.edu.au/international/scholarships-finance
La Trobe University,La Trobe High Achiever Scholarship,Merit-based tuition fee reduction,For high-achieving international students applying for an undergraduate or postgraduate course; automatically considered; value tiered by weighted average mark (WAM).,"Up to 25% reduction in course fees (25% for WAM 75+, 20% for WAM 70-74.9, 15% for WAM 60-69.9)",https://www.latrobe.edu.au/international/student-life/stories/articles/guide-to-international-scholarships
University of Wollongong (UOW),University Excellence Scholarship,Merit-based tuition fee reduction,For international students enrolling in any Australian campus undergraduate degree at UOW (exclusions apply); awarded on academic achievement.,30% reduction in tuition fees,https://www.uow.edu.au/study/scholarships/international/
University of Newcastle,International Excellence Scholarship 2026,Merit-based tuition fee reduction,"For high-performing students commencing an eligible undergraduate or postgraduate coursework degree from Trimester 1, 2026; no application required, awarded automatically with an offer to study.","A dollar value equivalent to 20% of the gross annual international tuition fee, per year",https://www.newcastle.edu.au/scholarships/international-scholarships
University of Tasmania (UTAS),Tasmanian International Scholarship,Merit-based tuition fee reduction,"For full fee-paying international students; automatically assessed at time of submitting International Student Application; provided satisfactory grades are maintained; some courses excluded (e.g. Medicine, Dementia Care, AMC Seafaring).",25% reduction in tuition fees for the duration of the course,https://www.utas.edu.au/study/scholarships-fees-and-costs/international-scholarships
Murdoch University,Murdoch International Welcome Scholarship,Merit-based tuition fee reduction,"For international full fee-paying students from eligible countries commencing an eligible coursework degree at a Western Australian campus; no separate application required, applied automatically each teaching period; recipient must not hold another Murdoch scholarship.",20% tuition fee reduction for the duration of the program,https://www.murdoch.edu.au/study/international-students/studying-at-murdoch/fees-and-scholarships/scholarships
US Public Schools (Resident),No verifiable scholarship found (F-1 must pay full unsubsidized cost),Not applicable (no aid),"F-1 attendance at public secondary (grades 9-12) schools may not exceed 12 months and the student must reimburse the school district the full, unsubsidized per-capita cost of education; F-1 visas cannot be issued for public primary/elementary schools. No public financial aid/scholarships for F-1 students.",None; full tuition reimbursement required,https://travel.state.gov/content/travel/en/us-visas/study/student-visa/foreign-students-in-public-schools.html
US Public Schools (Intl F-1),No verifiable scholarship found (F-1 must pay full unsubsidized cost),Not applicable (no aid),"F-1 attendance at public secondary (grades 9-12) schools may not exceed 12 months and the student must reimburse the school district the full, unsubsidized per-capita cost of education; F-1 visas cannot be issued for public primary/elementary schools. No public financial aid/scholarships for F-1 students.",None; full tuition reimbursement required,https://travel.state.gov/content/travel/en/us-visas/study/student-visa/foreign-students-in-public-schools.html
US Private Day Schools (NAIS Avg),Need-Based Financial Aid (Independent School Grants),Need-based grant (limited merit awards),Aid is mostly need-based grants (no repayment) determined via a financial aid application and financial statements (often through SSS); merit scholarships are rare and usually for special talent. There is no income cutoff; families reapply annually.,Varies from a small percentage to nearly full tuition; NAIS member schools awarded nearly $3.6 billion in need-based aid in 2024-2025,https://www.nais.org/about/parents/afford-an-independent-school-education
US Private Boarding Schools (TABS Avg),Need-Based Financial Aid for International Boarding Students,Need-based grant,Many top US boarding schools offer need-based aid to international students (some meet 100% of demonstrated need regardless of citizenship); applicants who do not file US taxes submit home-country income documentation. Awards vary with school endowment and family profile.,Varies; qualifying international families typically receive grants covering around 50% of total cost of attendance,https://www.clevered.net/blog/financial-aid-international-students-boarding-school
UK State Schools (Resident),Free state-funded education (no tuition fees; no scholarships needed),Government-funded free schooling (not a scholarship scheme),"Foreign national children resident in the UK normally have the right to attend state-funded schools free of charge; children resident outside the UK need an immigration status permitting school study - a Child Student visa only allows study at a licensed independent (fee-paying) school, not a state school, so overseas families generally cannot use state schools by entering on a study visa",Free (funded by the state); no tuition fees and therefore no scholarships/bursaries,https://www.gov.uk/guidance/schools-admissions-applications-from-overseas-children
UK Independent Day Schools (ISC Avg),Scholarships and means-tested bursaries (ISC schools),Merit scholarships plus need-based bursaries / assisted places,Many independent day schools offer scholarships to very able pupils and means-tested bursaries to pupils who demonstrate financial need; about a third of pupils at ISC schools are on reduced fees; bursaries are typically aimed at UK-resident families though some schools extend support to international pupils,Merit scholarships typically a modest fee reduction (about 5-20%); means-tested bursaries can reach up to 100% of fees depending on family circumstances,https://www.isc.co.uk/information-for-parents/school-fee-assistance-scholarships-and-bursaries/
UK Independent Boarding Schools (ISC Avg),Boarding school scholarships and bursaries (ISC schools),"Merit scholarships (academic, music, sport, art, all-rounder) plus means-tested bursaries","Many independent boarding schools offer scholarships for academic or other excellence and means-tested bursaries for lower-income families; awards are open to UK and international students (e.g. Christ's Hospital, a boarding school where most pupils are on greatly reduced fees or pay nothing); bursaries require detailed financial disclosure","Merit scholarships typically 5-50% of fees (some up to 100% when combined with a bursary); means-tested bursaries up to 100%; typical boarding fees ~GBP 30,000-45,000 per year",https://www.isc.co.uk/information-for-parents/school-fee-assistance-scholarships-and-bursaries/
Germany Public Schools,DAAD Scholarships (German public universities are largely tuition-free),"Government-funded (German Academic Exchange Service) scholarships; public universities charge no tuition, only a semester contribution","DAAD scholarships are aimed primarily at international graduates, Master's students, doctoral candidates and postdocs for study and research in Germany, awarded on academic merit. Public universities in Germany generally charge no tuition fees to German, EU and non-EU students alike (only a small semester contribution).","Typical monthly stipend EUR 992 (Master's/graduates) / EUR 1,300 (PhD), plus travel allowance, health insurance and study/research allowances",https://www.daad.de/en/studying-in-germany/scholarships/daad-scholarships/
Germany Private/Intl Schools (Avg),"International school scholarships & need-based bursaries (e.g. Berlin Brandenburg International School, Frankfurt International School)",Merit scholarships / need-based bursaries / fee reductions at K-12 private & international schools,"Offered directly by private and international schools in Germany's main hubs (Berlin, Frankfurt, Munich, Hamburg); awarded on academic merit and/or demonstrated family financial need; families apply after admission and submit report cards, references and financial documentation; deadlines typically January-March for an August/September start","Typically 10-60% of tuition fees (academic awards ~10-40%, need-based bursaries ~20-60%); full fee coverage is rare",https://www.tutopiya.com/blog/international-school-fees/international-school-scholarships-germany-guide/
France Public Schools,France Excellence Eiffel Scholarship Program,"French government merit scholarship (Ministry for Europe and Foreign Affairs, managed by Campus France)","For top foreign (non-French) students in Master's (up to age 29) and PhD (up to age 35) programmes in priority fields. Applications are submitted only by French higher education institutions, not directly by students. French public universities charge low, regulated tuition and scholarship holders are exempt from differentiated non-EU fees.","Monthly stipend ~EUR 1,181 (Master's) / EUR 2,100 (PhD) plus travel, health insurance, housing assistance and cultural activities; tuition exemption at public universities",https://www.campusfrance.org/en/france-excellence-eiffel-scholarship-program
France Private/Intl Schools (Avg),Institutional scholarships at French private/international schools (representative: INSEAD MBA Scholarships),"Merit-based, need-based and 'spot' institutional scholarships","Private/international schools in France (e.g. INSEAD, KEDGE) fund their own scholarships for admitted international students. INSEAD offers need-based, merit-based (by origin, background, leadership) and spot scholarships; candidates apply via the scholarship portal after submitting their admission application.","INSEAD: 170+ scholarship funds, average award ~EUR 24,000 (about 41% of participants receive a scholarship)",https://www.insead.edu/master-programmes/master-business-administration/insead-scholarships
Netherlands Public Schools,NL Scholarship (formerly Holland Scholarship),Government merit-based scholarship (Bachelor's/Master's),"For non-EEA international students applying for a full-time bachelor's or master's at a participating Dutch higher education institution; must not already hold a Dutch degree; financed by the Dutch Ministry of Education, Culture and Science together with the participating universities; each institution sets its own deadline","EUR 5,000 one-time grant, received in the first year of study (not a full-tuition scholarship)",https://www.studyinnl.org/finances/nl-scholarship
Netherlands Private/Intl Schools (Avg),Dutch International Schools (DIS) government-subsidised tuition,State subsidy / reduced tuition for K-12 international schools,"Subsidised places at Dutch International Schools are reserved for children of international/expat families temporarily working in the Netherlands (non-Dutch passport, or family returning from abroad); eligibility verified at admission; families who do not qualify, or who choose fully private international schools, pay the full private tariff","Subsidised annual fee of approx. EUR 5,500-6,500 (primary/secondary) versus approx. EUR 20,000-30,000/year at fully private international schools",https://www.dutchinternationalschools.nl/
Australia Government Schools (Intl Avg),"NSW International Students Program (fee-paying enrolment, public schools)",Government fee-paying program (limited/no scholarships),"Australian government (public) schools enrol fee-paying international students on a subclass 500 student visa via state department International Student Programs (e.g. NSW DE International); scholarships are generally not offered and students pay full tuition fees plus enrolment costs. Representative example: NSW public schools, primary and secondary enrolment subject to school capacity.",No general scholarship; full tuition fees payable (varies by state and year level),https://www.deinternational.nsw.edu.au/study-options/study-programs/international-student-program
Australia Independent (Private) Schools,Independent school scholarships (Academic/Music/Sport/All-rounder/Bursary via ACER CSTP),Merit and equity-based tuition remission,"Australian independent/private schools offer scholarships across categories (academic, music, sport, all-rounder, Indigenous, bursary); the ACER Co-operative Scholarship Testing Program (CSTP) is accepted by 120+ schools (sit once, apply to many); most academic applications close February to May for the following year's entry.",Typically 25% to 100% tuition remission (up to 100% tuition plus boarding for major academic and Indigenous awards),https://compareprivateschools.com.au/scholarships/
China Public Schools (Citizen),No dedicated scholarship; access limited to fee-charging international departments of public schools,"State K-12 (compulsory) education - regulated admission, no specific aid scheme for foreigners","Public primary/secondary education is tied to the hukou system and is primarily for local citizens; international (non-Chinese) students are generally restricted to designated international departments ('guojibu') of approved schools, which require filing with district education authorities and valid visa/residence documents",Standard public schooling not free to most foreigners; designated international departments charge high tuition comparable to private institutions; no general scholarship/financial-aid program for international K-12 students,https://english.beijing.gov.cn/studyinginbeijing/lawsandpolicies/202203/t20220307_2623723.html
China Intl Private Schools (Beijing/Shanghai Avg),School-administered merit scholarships and means-tested bursaries (representative landscape),Private/international school financial aid (each school sets its own scheme),"International/private and bilingual schools in China (e.g., Dulwich College Beijing, YK Pao School Shanghai) typically award scholarships on academic, music, art or sports merit via entrance assessment, plus need-based bursaries; foreign-passport students apply directly to each school",Varies by school; merit scholarships commonly 10%-50% tuition reduction and means-tested bursaries up to 100% of fees (combined awards may reach full fee coverage),https://beijing.dulwich.org/admissions/admissions-overview
