school_name,level,country,city,school_type,age_min,age_max,annual_cost,original_amount,original_currency,notes,source_year,ref_url
จุฬาลงกรณ์มหาวิทยาลัย (Life Sci 1 - แพทย์/ทันต/สัตวแพทย์),bachelor,TH,กรุงเทพมหานคร,government,19,22,68000,68000,THB,"34,000/ภาคการศึกษา x 2; นิสิตชาวไทย หลักสูตรไทย",2024,https://www.chula.ac.th/academics/admissions/tuition-and-fees/
จุฬาลงกรณ์มหาวิทยาลัย (Life Sci 2 - เภสัช/พยาบาล/สหเวช/จิตวิทยา),bachelor,TH,กรุงเทพมหานคร,government,19,22,53000,53000,THB,"26,500/ภาคการศึกษา x 2; นิสิตชาวไทย",2024,https://www.chula.ac.th/academics/admissions/tuition-and-fees/
จุฬาลงกรณ์มหาวิทยาลัย (Physical Sci - วิทย์/วิศวะ/สถาปัตย์),bachelor,TH,กรุงเทพมหานคร,government,19,22,51000,51000,THB,"25,500/ภาคการศึกษา x 2; นิสิตชาวไทย",2024,https://www.chula.ac.th/academics/admissions/tuition-and-fees/
จุฬาลงกรณ์มหาวิทยาลัย (Social Sci - บัญชี/รัฐ/นิเทศ/นิติ/เศรษฐ),bachelor,TH,กรุงเทพมหานคร,government,19,22,42000,42000,THB,"21,000/ภาคการศึกษา x 2; นิสิตชาวไทย",2024,https://www.chula.ac.th/academics/admissions/tuition-and-fees/
จุฬาลงกรณ์มหาวิทยาลัย (Arts - อักษร/ศิลปกรรม),bachelor,TH,กรุงเทพมหานคร,government,19,22,42000,42000,THB,"21,000/ภาคการศึกษา x 2; นิสิตชาวไทย",2024,https://www.chula.ac.th/academics/admissions/tuition-and-fees/
จุฬาลงกรณ์มหาวิทยาลัย (ป.โท Social Sci ไทย),master,TH,กรุงเทพมหานคร,government,23,24,49000,49000,THB,"24,500/ภาคการศึกษา x 2 ป.โท ไทย",2024,https://www.chula.ac.th/academics/admissions/tuition-and-fees/
จุฬาลงกรณ์มหาวิทยาลัย (BBA นานาชาติ - CBS),bachelor,TH,กรุงเทพมหานคร,government,19,22,273000,273000,THB,"หลักสูตรนานาชาติ ~136,500/ภาคการศึกษา x 2",2024,https://www.cbs.chula.ac.th/bba/
จุฬาลงกรณ์มหาวิทยาลัย (EBA Econ นานาชาติ),bachelor,TH,กรุงเทพมหานคร,government,19,22,180000,180000,THB,"นานาชาติ ~90,000/ภาคการศึกษา x 2",2024,https://www.eba.econ.chula.ac.th/
จุฬาลงกรณ์มหาวิทยาลัย (INDA สถาปัตย์นานาชาติ),bachelor,TH,กรุงเทพมหานคร,government,19,22,187000,187000,THB,"INDA นานาชาติ ~93,500/ภาคการศึกษา x 2",2024,https://www.inda.chula.ac.th/
จุฬาลงกรณ์มหาวิทยาลัย (Sasin MBA นานาชาติ),master,TH,กรุงเทพมหานคร,government,23,24,800000,800000,THB,"Total program 1,600,000 / 2 ปี",2024,https://www.sasin.edu/programs/flexible-mba/tuitions
มหาวิทยาลัยมหิดล (แพทยศาสตร์ศิริราช/รามา),bachelor,TH,กรุงเทพมหานคร,government,19,22,60000,60000,THB,"เหมาจ่าย ~30,000/ภาคการศึกษา x 2",2024,https://mustudent.mahidol.ac.th/2024/02/31229/
มหาวิทยาลัยมหิดล (ทันตแพทย์/เภสัช/สัตวแพทย์),bachelor,TH,นครปฐม,government,19,22,60000,60000,THB,"เหมาจ่าย ~30,000/ภาคการศึกษา x 2",2024,https://mustudent.mahidol.ac.th/2024/02/31229/
มหาวิทยาลัยมหิดล (วิศวะ/วิทย์/ICT),bachelor,TH,นครปฐม,government,19,22,60000,60000,THB,"เหมาจ่าย 30,000/ภาคการศึกษา x 2",2024,https://mustudent.mahidol.ac.th/2024/02/31229/
มหาวิทยาลัยมหิดล (ศิลปศาสตร์/สังคม/บริหาร),bachelor,TH,นครปฐม,government,19,22,30000,30000,THB,"เหมาจ่าย 15,000/ภาคการศึกษา x 2",2024,https://mustudent.mahidol.ac.th/2024/02/31229/
มหาวิทยาลัยมหิดล (MUIC - หลักสูตรนานาชาติ),bachelor,TH,นครปฐม,government,19,22,314000,314000,THB,"BBA non-resident ~314,000/ปี (~1.26M/4 ปี) - แก้ใหม่จาก 600k",2024,https://muic.mahidol.ac.th/en/study-at-muic/tuition-fees/undergraduate-tuition-fees
มหาวิทยาลัยมหิดล (บัณฑิตศึกษาไทย),master,TH,นครปฐม,government,23,24,50000,50000,THB,"ป.โท ไทย เฉลี่ย ~25,000/ภาคการศึกษา x 2",2024,https://mustudent.mahidol.ac.th/2024/02/31229/
มหาวิทยาลัยธรรมศาสตร์ (แพทยศาสตร์),bachelor,TH,ปทุมธานี,government,19,22,43800,43800,THB,"21,900/ภาคการศึกษา x 2",2025,https://reg.tu.ac.th/content/10
มหาวิทยาลัยธรรมศาสตร์ (ทันตแพทย์),bachelor,TH,ปทุมธานี,government,19,22,100000,100000,THB,"50,000/ภาคการศึกษา x 2",2025,https://reg.tu.ac.th/content/10
มหาวิทยาลัยธรรมศาสตร์ (เภสัชศาสตร์),bachelor,TH,ปทุมธานี,government,19,22,104000,104000,THB,"52,000/ภาคการศึกษา x 2",2025,https://reg.tu.ac.th/content/10
มหาวิทยาลัยธรรมศาสตร์ (วิศวกรรมศาสตร์),bachelor,TH,ปทุมธานี,government,19,22,37800,37800,THB,"18,900/ภาคการศึกษา x 2",2025,https://reg.tu.ac.th/content/10
มหาวิทยาลัยธรรมศาสตร์ (วิทยาศาสตร์),bachelor,TH,ปทุมธานี,government,19,22,35800,35800,THB,"17,900/ภาคการศึกษา x 2",2025,https://reg.tu.ac.th/content/10
มหาวิทยาลัยธรรมศาสตร์ (พาณิชยศาสตร์/เศรษฐศาสตร์),bachelor,TH,ปทุมธานี,government,19,22,29600,29600,THB,"14,800/ภาคการศึกษา x 2",2025,https://reg.tu.ac.th/content/10
มหาวิทยาลัยธรรมศาสตร์ (นิติศาสตร์),bachelor,TH,ปทุมธานี,government,19,22,28600,28600,THB,"14,300/ภาคการศึกษา x 2",2025,https://reg.tu.ac.th/content/10
มหาวิทยาลัยธรรมศาสตร์ (รัฐศาสตร์),bachelor,TH,ปทุมธานี,government,19,22,27000,27000,THB,"13,500/ภาคการศึกษา x 2",2025,https://reg.tu.ac.th/content/10
มหาวิทยาลัยธรรมศาสตร์ (วารสาร/สื่อสารมวลชน),bachelor,TH,ปทุมธานี,government,19,22,30600,30600,THB,"15,300/ภาคการศึกษา x 2",2025,https://reg.tu.ac.th/content/10
มหาวิทยาลัยธรรมศาสตร์ (ศิลปศาสตร์),bachelor,TH,ปทุมธานี,government,19,22,31800,31800,THB,"15,900/ภาคการศึกษา x 2",2025,https://reg.tu.ac.th/content/10
มหาวิทยาลัยธรรมศาสตร์ (BBA นานาชาติ - TBS),bachelor,TH,ปทุมธานี,government,19,22,220000,220000,THB,"นานาชาติ ~110,000/ภาคการศึกษา x 2",2024,https://www.bba.tbs.tu.ac.th/
มหาวิทยาลัยธรรมศาสตร์ (BE Econ นานาชาติ),bachelor,TH,ปทุมธานี,government,19,22,180000,180000,THB,"นานาชาติ ~90,000/ภาคการศึกษา x 2",2024,https://www.econ.tu.ac.th/be
มหาวิทยาลัยธรรมศาสตร์ (IMBA นานาชาติ),master,TH,ปทุมธานี,government,23,24,250000,250000,THB,"Total ~500,000 / 2 ปี",2024,https://www.tbs.tu.ac.th/imba
มหาวิทยาลัยเกษตรศาสตร์ (สัตวแพทย์/วนศาสตร์),bachelor,TH,กรุงเทพมหานคร,government,19,22,36000,36000,THB,"เหมาจ่าย ~18,000/ภาคการศึกษา x 2",2024,https://registrar.ku.ac.th/fin
มหาวิทยาลัยเกษตรศาสตร์ (วิศวะ/วิทย์),bachelor,TH,กรุงเทพมหานคร,government,19,22,34600,34600,THB,"เหมาจ่าย 17,300/ภาคการศึกษา x 2",2024,https://registrar.ku.ac.th/fin
มหาวิทยาลัยเกษตรศาสตร์ (บริหาร/เศรษฐ/สังคม),bachelor,TH,กรุงเทพมหานคร,government,19,22,26600,26600,THB,"เหมาจ่าย 13,300/ภาคการศึกษา x 2",2024,https://registrar.ku.ac.th/fin
มหาวิทยาลัยเกษตรศาสตร์ (บัณฑิตศึกษา),master,TH,กรุงเทพมหานคร,government,23,24,50000,50000,THB,"ป.โท ~25,000/ภาคการศึกษา x 2",2024,https://registrar.ku.ac.th/fin
มหาวิทยาลัยเกษตรศาสตร์ (KU Intl วิศวะการบิน),bachelor,TH,กรุงเทพมหานคร,government,19,22,180000,180000,THB,"นานาชาติ ~90,000/ภาคการศึกษา x 2",2024,https://registrar.ku.ac.th/fin
มหาวิทยาลัยขอนแก่น (แพทย์/ทันตแพทย์),bachelor,TH,ขอนแก่น,government,19,22,60000,60000,THB,"~30,000/ภาคการศึกษา x 2",2024,https://apps.admissions.kku.ac.th/web/Tuitionfee
มหาวิทยาลัยขอนแก่น (วิศวะ/วิทย์),bachelor,TH,ขอนแก่น,government,19,22,36000,36000,THB,"~18,000/ภาคการศึกษา x 2",2024,https://apps.admissions.kku.ac.th/web/Tuitionfee
มหาวิทยาลัยขอนแก่น (มนุษย์/สังคม/บริหาร),bachelor,TH,ขอนแก่น,government,19,22,30000,30000,THB,"~15,000/ภาคการศึกษา x 2",2024,https://apps.admissions.kku.ac.th/web/Tuitionfee
มหาวิทยาลัยขอนแก่น (บัณฑิตศึกษา),master,TH,ขอนแก่น,government,23,24,50000,50000,THB,"~25,000/ภาคการศึกษา x 2",2024,https://apps.admissions.kku.ac.th/web/Tuitionfee
มหาวิทยาลัยเชียงใหม่ (แพทย์/ทันต/สัตวแพทย์),bachelor,TH,เชียงใหม่,government,19,22,60000,60000,THB,"30,000/ภาคการศึกษา x 2",2024,https://www.cmu.ac.th/th/article/294954f4-a344-44a5-87ae-63e7e02275be
มหาวิทยาลัยเชียงใหม่ (วิศวะ/วิทย์),bachelor,TH,เชียงใหม่,government,19,22,32000,32000,THB,"16,000/ภาคการศึกษา x 2",2024,https://www.cmu.ac.th/th/article/294954f4-a344-44a5-87ae-63e7e02275be
มหาวิทยาลัยเชียงใหม่ (สังคม/มนุษย์),bachelor,TH,เชียงใหม่,government,19,22,30000,30000,THB,"15,000/ภาคการศึกษา x 2",2024,https://www.cmu.ac.th/th/article/294954f4-a344-44a5-87ae-63e7e02275be
มหาวิทยาลัยเชียงใหม่ (บัณฑิตศึกษา),master,TH,เชียงใหม่,government,23,24,50000,50000,THB,"~25,000/ภาคการศึกษา x 2",2024,https://www.cmu.ac.th/th/article/294954f4-a344-44a5-87ae-63e7e02275be
มหาวิทยาลัยเชียงใหม่ (CMU Intl),bachelor,TH,เชียงใหม่,government,19,22,120000,120000,THB,"นานาชาติ ~60,000/ภาคการศึกษา x 2",2024,https://www.cmu.ac.th/th/article/294954f4-a344-44a5-87ae-63e7e02275be
มหาวิทยาลัยสงขลานครินทร์ (แพทย์/ทันตแพทย์),bachelor,TH,สงขลา,government,19,22,60000,60000,THB,"30,000/ภาคการศึกษา x 2",2024,https://reg.psu.ac.th/regulations-tuition-fee/
มหาวิทยาลัยสงขลานครินทร์ (วิศวะ/วิทย์),bachelor,TH,สงขลา,government,19,22,36000,36000,THB,"18,000/ภาคการศึกษา x 2",2024,https://reg.psu.ac.th/regulations-tuition-fee/
มหาวิทยาลัยสงขลานครินทร์ (สังคม/บริหาร/มนุษย์),bachelor,TH,สงขลา,government,19,22,30000,30000,THB,"~15,000/ภาคการศึกษา x 2",2024,https://reg.psu.ac.th/regulations-tuition-fee/
มหาวิทยาลัยสงขลานครินทร์ (บัณฑิตศึกษา),master,TH,สงขลา,government,23,24,50000,50000,THB,"~25,000/ภาคการศึกษา x 2",2024,https://reg.psu.ac.th/regulations-tuition-fee/
มหาวิทยาลัยศรีนครินทรวิโรฒ (แพทย์),bachelor,TH,กรุงเทพมหานคร,government,19,22,70000,70000,THB,"35,000/ภาคการศึกษา x 2",2025,https://www.smartmathpro.com/article/swu-tuition-fees/
มหาวิทยาลัยศรีนครินทรวิโรฒ (ทันตแพทย์),bachelor,TH,กรุงเทพมหานคร,government,19,22,100000,100000,THB,"50,000/ภาคการศึกษา x 2",2025,https://www.smartmathpro.com/article/swu-tuition-fees/
มหาวิทยาลัยศรีนครินทรวิโรฒ (เภสัชศาสตร์),bachelor,TH,กรุงเทพมหานคร,government,19,22,90000,90000,THB,"45,000/ภาคการศึกษา x 2",2025,https://www.smartmathpro.com/article/swu-tuition-fees/
มหาวิทยาลัยศรีนครินทรวิโรฒ (วิศวกรรม),bachelor,TH,กรุงเทพมหานคร,government,19,22,50000,50000,THB,"25,000/ภาคการศึกษา x 2",2025,https://www.smartmathpro.com/article/swu-tuition-fees/
มหาวิทยาลัยศรีนครินทรวิโรฒ (วิทย์/ศึกษาศาสตร์/สังคม),bachelor,TH,กรุงเทพมหานคร,government,19,22,35000,35000,THB,"~17,500/ภาคการศึกษา x 2",2025,https://www.smartmathpro.com/article/swu-tuition-fees/
มหาวิทยาลัยศรีนครินทรวิโรฒ (บัณฑิตศึกษา),master,TH,กรุงเทพมหานคร,government,23,24,60000,60000,THB,"~30,000/ภาคการศึกษา x 2",2025,https://www.smartmathpro.com/article/swu-tuition-fees/
KMITL ลาดกระบัง (วิศวกรรมศาสตร์),bachelor,TH,กรุงเทพมหานคร,government,19,22,50000,50000,THB,"25,000/ภาคการศึกษา x 2",2024,https://siet.kmitl.ac.th/educational-fees
KMITL ลาดกระบัง (สถาปัตย์/วิทย์),bachelor,TH,กรุงเทพมหานคร,government,19,22,50000,50000,THB,"25,000/ภาคการศึกษา x 2",2024,https://siet.kmitl.ac.th/educational-fees
KMITL ลาดกระบัง (ครุศาสตร์อุตสาหกรรม),bachelor,TH,กรุงเทพมหานคร,government,19,22,38000,38000,THB,"19,000/ภาคการศึกษา x 2",2024,https://siet.kmitl.ac.th/educational-fees
KMITL ลาดกระบัง (Intl Program),bachelor,TH,กรุงเทพมหานคร,government,19,22,120000,120000,THB,"นานาชาติ ~60,000/ภาคการศึกษา x 2",2024,https://siet.kmitl.ac.th/educational-fees
KMITL ลาดกระบัง (บัณฑิตศึกษา),master,TH,กรุงเทพมหานคร,government,23,24,60000,60000,THB,"~30,000/ภาคการศึกษา x 2",2024,https://siet.kmitl.ac.th/educational-fees
KMUTT บางมด (วิศวกรรมศาสตร์),bachelor,TH,กรุงเทพมหานคร,government,19,22,60000,60000,THB,"เหมาจ่าย ~30,000/ภาคการศึกษา x 2",2024,https://www.kmutt.ac.th/education/tuition-fees/
KMUTT บางมด (วิทย์/สถาปัตย์),bachelor,TH,กรุงเทพมหานคร,government,19,22,56000,56000,THB,"เหมาจ่าย ~28,000/ภาคการศึกษา x 2",2024,https://www.kmutt.ac.th/education/tuition-fees/
KMUTT บางมด (KMUTT IC นานาชาติ),bachelor,TH,กรุงเทพมหานคร,government,19,22,130000,130000,THB,"นานาชาติ ~65,000/ภาคการศึกษา x 2",2024,https://www.kmutt.ac.th/education/tuition-fees/
KMUTT บางมด (บัณฑิตศึกษา),master,TH,กรุงเทพมหานคร,government,23,24,70000,70000,THB,"~35,000/ภาคการศึกษา x 2",2024,https://www.kmutt.ac.th/education/tuition-fees/
KMUTNB มจพ. (วิศวกรรมศาสตร์),bachelor,TH,กรุงเทพมหานคร,government,19,22,38000,38000,THB,"~19,000/ภาคการศึกษา x 2",2024,https://reg.kmutnb.ac.th/registrar/home.asp
KMUTNB มจพ. (สังคม/บริหาร),bachelor,TH,กรุงเทพมหานคร,government,19,22,30000,30000,THB,"~15,000/ภาคการศึกษา x 2",2024,https://reg.kmutnb.ac.th/registrar/home.asp
KMUTNB มจพ. (บัณฑิตศึกษา),master,TH,กรุงเทพมหานคร,government,23,24,60000,60000,THB,"~30,000/ภาคการศึกษา x 2",2024,https://reg.kmutnb.ac.th/registrar/home.asp
มหาวิทยาลัยศิลปากร (แพทย์/ทันต/เภสัช),bachelor,TH,นครปฐม,government,19,22,60000,60000,THB,"~30,000/ภาคการศึกษา x 2",2024,https://www.thairath.co.th/news/society/2788757
มหาวิทยาลัยศิลปากร (จิตรกรรม/มัณฑน/สถาปัตย์),bachelor,TH,นครปฐม,government,19,22,44000,44000,THB,"22,000/ภาคการศึกษา x 2",2024,https://www.thairath.co.th/news/society/2788757
มหาวิทยาลัยศิลปากร (วิทย์/วิศวกรรม),bachelor,TH,นครปฐม,government,19,22,38000,38000,THB,"19,000/ภาคการศึกษา x 2",2024,https://www.thairath.co.th/news/society/2788757
มหาวิทยาลัยศิลปากร (อักษร/ศึกษาศาสตร์),bachelor,TH,นครปฐม,government,19,22,30000,30000,THB,"15,000/ภาคการศึกษา x 2",2024,https://www.thairath.co.th/news/society/2788757
มหาวิทยาลัยศิลปากร (บัณฑิตศึกษา),master,TH,นครปฐม,government,23,24,50000,50000,THB,"~25,000/ภาคการศึกษา x 2",2024,https://www.thairath.co.th/news/society/2788757
มหาวิทยาลัยบูรพา (แพทยศาสตร์),bachelor,TH,ชลบุรี,government,19,22,200000,200000,THB,"100,000/ภาคการศึกษา x 2",2024,https://dreamnesthub.com/burapha-university-tuition-fee/
มหาวิทยาลัยบูรพา (เภสัชศาสตร์),bachelor,TH,ชลบุรี,government,19,22,178000,178000,THB,"89,000/ภาคการศึกษา x 2",2024,https://dreamnesthub.com/burapha-university-tuition-fee/
มหาวิทยาลัยบูรพา (พยาบาล),bachelor,TH,ชลบุรี,government,19,22,56000,56000,THB,"28,000/ภาคการศึกษา x 2",2024,https://dreamnesthub.com/burapha-university-tuition-fee/
มหาวิทยาลัยบูรพา (วิศวกรรมศาสตร์),bachelor,TH,ชลบุรี,government,19,22,50000,50000,THB,"25,000/ภาคการศึกษา x 2",2024,https://dreamnesthub.com/burapha-university-tuition-fee/
มหาวิทยาลัยบูรพา (วิทยาศาสตร์),bachelor,TH,ชลบุรี,government,19,22,45000,45000,THB,"22,500/ภาคการศึกษา x 2",2024,https://dreamnesthub.com/burapha-university-tuition-fee/
มหาวิทยาลัยบูรพา (สังคม/รัฐ/นิติ),bachelor,TH,ชลบุรี,government,19,22,42000,42000,THB,"21,000/ภาคการศึกษา x 2",2024,https://dreamnesthub.com/burapha-university-tuition-fee/
มหาวิทยาลัยบูรพา (บริหารธุรกิจ/บัญชี),bachelor,TH,ชลบุรี,government,19,22,17600,17600,THB,"8,800/ภาคการศึกษา x 2",2024,https://dreamnesthub.com/burapha-university-tuition-fee/
มหาวิทยาลัยบูรพา (บัณฑิตศึกษา),master,TH,ชลบุรี,government,23,24,60000,60000,THB,"~30,000/ภาคการศึกษา x 2",2024,https://dreamnesthub.com/burapha-university-tuition-fee/
มหาวิทยาลัยมหาสารคาม (แพทย์),bachelor,TH,มหาสารคาม,government,19,22,90000,90000,THB,"45,000/ภาคการศึกษา x 2",2025,https://dreamnesthub.com/msu-tuition-fee-adjustment-2568/
มหาวิทยาลัยมหาสารคาม (เภสัช/สัตวแพทย์),bachelor,TH,มหาสารคาม,government,19,22,70000,70000,THB,"35,000/ภาคการศึกษา x 2",2025,https://dreamnesthub.com/msu-tuition-fee-adjustment-2568/
มหาวิทยาลัยมหาสารคาม (พยาบาล),bachelor,TH,มหาสารคาม,government,19,22,66000,66000,THB,"33,000/ภาคการศึกษา x 2",2025,https://dreamnesthub.com/msu-tuition-fee-adjustment-2568/
มหาวิทยาลัยมหาสารคาม (วิศวกรรม),bachelor,TH,มหาสารคาม,government,19,22,36000,36000,THB,"18,000/ภาคการศึกษา x 2",2025,https://dreamnesthub.com/msu-tuition-fee-adjustment-2568/
มหาวิทยาลัยมหาสารคาม (วิทย์/สังคม),bachelor,TH,มหาสารคาม,government,19,22,27000,27000,THB,"~13,500/ภาคการศึกษา x 2",2025,https://dreamnesthub.com/msu-tuition-fee-adjustment-2568/
มหาวิทยาลัยนเรศวร (แพทย์/ทันตะ),bachelor,TH,พิษณุโลก,government,19,22,56000,56000,THB,"28,000/ภาคการศึกษา x 2 (ปี 1-3)",2025,https://reg8.nu.ac.th/notification/NUREG_FEE_2568_bachelor.pdf
มหาวิทยาลัยนเรศวร (ทันตแพทย์ คลินิก),bachelor,TH,พิษณุโลก,government,19,22,120000,120000,THB,"60,000/ภาคการศึกษา x 2 (ปี 1-3)",2025,https://reg8.nu.ac.th/notification/NUREG_FEE_2568_bachelor.pdf
มหาวิทยาลัยนเรศวร (เภสัช),bachelor,TH,พิษณุโลก,government,19,22,54000,54000,THB,"27,000/ภาคการศึกษา x 2",2025,https://reg8.nu.ac.th/notification/NUREG_FEE_2568_bachelor.pdf
มหาวิทยาลัยนเรศวร (วิศวกรรม/วิทย์),bachelor,TH,พิษณุโลก,government,19,22,32000,32000,THB,"16,000/ภาคการศึกษา x 2",2025,https://reg8.nu.ac.th/notification/NUREG_FEE_2568_bachelor.pdf
มหาวิทยาลัยนเรศวร (สังคม/มนุษย์),bachelor,TH,พิษณุโลก,government,19,22,30000,30000,THB,"15,000/ภาคการศึกษา x 2",2025,https://reg8.nu.ac.th/notification/NUREG_FEE_2568_bachelor.pdf
มหาวิทยาลัยอัสสัมชัญ ABAC (Business/Mgmt),bachelor,TH,สมุทรปราการ,private,19,22,280000,280000,THB,"นานาชาติ ~140,000/ภาคการศึกษา x 2",2024,https://admissions.au.edu/?page_id=1375
มหาวิทยาลัยอัสสัมชัญ ABAC (Engineering/IT),bachelor,TH,สมุทรปราการ,private,19,22,320000,320000,THB,"~160,000/ภาคการศึกษา x 2",2024,https://admissions.au.edu/?page_id=1375
มหาวิทยาลัยอัสสัมชัญ ABAC (Communication Arts),bachelor,TH,สมุทรปราการ,private,19,22,300000,300000,THB,"~150,000/ภาคการศึกษา x 2",2024,https://admissions.au.edu/?page_id=1375
มหาวิทยาลัยอัสสัมชัญ ABAC (MBA),master,TH,สมุทรปราการ,private,23,24,350000,350000,THB,"Total ~700,000 / 2 ปี",2024,https://admissions.au.edu/?page_id=1375
มหาวิทยาลัยกรุงเทพ BU (Business/Comm Arts),bachelor,TH,ปทุมธานี,private,19,22,75000,75000,THB,"~75,000/ปี (รวมส่วนลด/ทุน)",2024,https://www.bu.ac.th/th/curriculum/bachelors-degree/tuition-fees
มหาวิทยาลัยกรุงเทพ BU (Digital Media/Creative),bachelor,TH,ปทุมธานี,private,19,22,110000,110000,THB,"~110,000/ปี (รวม Tuition + ค่าธรรมเนียม)",2024,https://www.bu.ac.th/th/curriculum/bachelors-degree/tuition-fees
มหาวิทยาลัยกรุงเทพ BU (BUIC นานาชาติ),bachelor,TH,ปทุมธานี,private,19,22,130000,130000,THB,"นานาชาติ ~130,000/ปี",2024,https://www.bu.ac.th/th/curriculum/bachelors-degree/tuition-fees
มหาวิทยาลัยกรุงเทพ BU (MBA),master,TH,ปทุมธานี,private,23,24,175000,175000,THB,"Total ~350,000 / 2 ปี",2024,https://www.bu.ac.th/
มหาวิทยาลัยรังสิต (แพทยศาสตร์),bachelor,TH,ปทุมธานี,private,19,22,540000,540000,THB,"~270,000/ภาคการศึกษา x 2",2024,https://rsu.ac.th/tuition-fee
มหาวิทยาลัยรังสิต (ทันตแพทยศาสตร์),bachelor,TH,ปทุมธานี,private,19,22,700000,700000,THB,"~350,000/ภาคการศึกษา x 2",2024,https://rsu.ac.th/tuition-fee
มหาวิทยาลัยรังสิต (เภสัช/สัตว์/พยาบาล),bachelor,TH,ปทุมธานี,private,19,22,200000,200000,THB,"~100,000/ภาคการศึกษา x 2",2024,https://rsu.ac.th/tuition-fee
มหาวิทยาลัยรังสิต (บริหาร/นิเทศ/สังคม),bachelor,TH,ปทุมธานี,private,19,22,110000,110000,THB,"~55,000/ภาคการศึกษา x 2",2024,https://rsu.ac.th/tuition-fee
มหาวิทยาลัยรังสิต (RIC นานาชาติ),bachelor,TH,ปทุมธานี,private,19,22,180000,180000,THB,"นานาชาติ ~90,000/ภาคการศึกษา x 2",2024,https://rsu.ac.th/tuition-fee
มหาวิทยาลัยรังสิต (บัณฑิตศึกษา),master,TH,ปทุมธานี,private,23,24,150000,150000,THB,"~75,000/ภาคการศึกษา x 2",2024,https://rsu.ac.th/tuition-fee
มหาวิทยาลัยหอการค้าไทย UTCC (Business/Acct),bachelor,TH,กรุงเทพมหานคร,private,19,22,75000,75000,THB,"~75,000/ปี (รวม Tuition + ค่าธรรมเนียม)",2024,https://www.utcc.ac.th/tuitionfees/
มหาวิทยาลัยหอการค้าไทย UTCC (IBS นานาชาติ),bachelor,TH,กรุงเทพมหานคร,private,19,22,125000,125000,THB,"นานาชาติ ~125,000/ปี",2024,https://www.utcc.ac.th/tuitionfees/
มหาวิทยาลัยหอการค้าไทย UTCC (พยาบาล),bachelor,TH,กรุงเทพมหานคร,private,19,22,175000,175000,THB,"~175,000/ปี (700k/4yr)",2024,https://www.utcc.ac.th/tuitionfees/
มหาวิทยาลัยหอการค้าไทย UTCC (MBA),master,TH,กรุงเทพมหานคร,private,23,24,150000,150000,THB,"Total ~300,000 / 2 ปี",2024,https://www.utcc.ac.th/tuitionfees/
มหาวิทยาลัยศรีปทุม SPU (Business/IT/Comm),bachelor,TH,กรุงเทพมหานคร,private,19,22,75000,75000,THB,"~75,000/ปี (รวม Tuition + ค่าธรรมเนียม)",2024,https://www.spu.ac.th/term69/
มหาวิทยาลัยศรีปทุม SPU (วิศวะ/สถาปัตย์),bachelor,TH,กรุงเทพมหานคร,private,19,22,90000,90000,THB,"~90,000/ปี (360k/4yr)",2024,https://www.spu.ac.th/term69/
มหาวิทยาลัยศรีปทุม SPU (SPU นานาชาติ),bachelor,TH,กรุงเทพมหานคร,private,19,22,95000,95000,THB,"นานาชาติ ~95,000/ปี",2024,https://www.spu.ac.th/term69/
มหาวิทยาลัยศรีปทุม SPU (MBA),master,TH,กรุงเทพมหานคร,private,23,24,130000,130000,THB,"Total ~260,000 / 2 ปี",2024,https://www.spu.ac.th/term69/
Massachusetts Institute of Technology (MIT),bachelor,US,"Cambridge, MA",foreign_university,19,22,2183860,62396,USD,"ราคาเดียวทุกสัญชาติ ไม่มีแยก resident/non-resident; tuition 61,990 + student life fee 406",2024,https://registrar.mit.edu/registration-academics/tuition-fees
Massachusetts Institute of Technology (MIT),master,US,"Cambridge, MA",foreign_university,23,24,2183860,62396,USD,ราคาเดียวทุกสัญชาติ; graduate tuition+fees (เรทมาตรฐาน; Sloan MBA สูงกว่า),2024,https://registrar.mit.edu/registration-academics/tuition-fees
Harvard University,bachelor,US,"Cambridge, MA",foreign_university,19,22,2158660,61676,USD,"ราคาเดียวทุกสัญชาติ; tuition 56,550 + health 1,592 + student services 3,534",2024,https://registrar.fas.harvard.edu/tuition-and-fees
Harvard University,master,US,"Cambridge, MA",foreign_university,23,24,2003680,57248,USD,"ราคาเดียวทุกสัญชาติ; GSAS master tuition+fees (full tuition 55,656 + health 1,592)",2024,https://gsas.harvard.edu/cost-attendance-2024-2025
Stanford University,bachelor,US,"Stanford, CA",foreign_university,19,22,2306850,65910,USD,ราคาเดียวทุกสัญชาติ; tuition+fees,2024,https://studentservices.stanford.edu/my-finances/tuition-fees/tuition-rates/past-tuition-rates/2024-2025-rates
Stanford University,master,US,"Stanford, CA",foreign_university,23,24,2165730,61878,USD,ราคาเดียวทุกสัญชาติ; graduate tuition+fees,2024,https://studentservices.stanford.edu/my-finances/tuition-fees/tuition-rates/past-tuition-rates/2024-2025-rates
California Institute of Technology (Caltech),bachelor,US,"Pasadena, CA",foreign_university,19,22,2306430,65898,USD,"ราคาเดียวทุกสัญชาติ; tuition 63,402 + fees 2,496",2024,https://catalog.caltech.edu/archive/2024-25/information-for-undergraduate-students/undergraduate-expenses/
California Institute of Technology (Caltech),master,US,"Pasadena, CA",foreign_university,23,24,2299710,65706,USD,ราคาเดียวทุกสัญชาติ; graduate tuition+fees,2024,https://www.finaid.caltech.edu/Costs
Princeton University,bachelor,US,"Princeton, NJ",foreign_university,19,22,2194080,62688,USD,ราคาเดียวทุกสัญชาติ; tuition+fees,2024,https://admission.princeton.edu/cost-aid/whats-cost
Princeton University,master,US,"Princeton, NJ",foreign_university,23,24,2307760,65936,USD,ราคาเดียวทุกสัญชาติ; graduate tuition+fees,2024,https://gradschool.princeton.edu/costs-funding
Yale University,bachelor,US,"New Haven, CT",foreign_university,19,22,2353750,67250,USD,"ราคาเดียวทุกสัญชาติ; tuition 67,250 (ไม่รวม Yale Health ที่ waive ได้)",2024,https://student-accounts.yale.edu/tuition-and-fees-2024-2025
Yale University,master,US,"New Haven, CT",foreign_university,23,24,1732500,49500,USD,"ราคาเดียวทุกสัญชาติ; GSAS graduate tuition 49,500",2024,https://student-accounts.yale.edu/tuition-and-fees-2024-2025
Columbia University,bachelor,US,"New York, NY",foreign_university,19,22,2468095,70517,USD,ราคาเดียวทุกสัญชาติ; tuition+fees,2024,https://www.gs.columbia.edu/content/undergraduate-tuition-and-fees
Columbia University,master,US,"New York, NY",foreign_university,23,24,2029055,57973,USD,ราคาเดียวทุกสัญชาติ; graduate tuition+fees,2024,https://www.gsas.columbia.edu/content/2024-2025-academic-year-cost-attendance
University of Pennsylvania (UPenn),bachelor,US,"Philadelphia, PA",foreign_university,19,22,2404010,68686,USD,"ราคาเดียวทุกสัญชาติ; tuition 60,920 + fees 7,766",2024,https://srfs.upenn.edu/costs-budgeting/undergraduate-tuition-and-fees
University of Pennsylvania (UPenn),master,US,"Philadelphia, PA",foreign_university,23,24,1674540,47844,USD,ราคาเดียวทุกสัญชาติ; graduate tuition+fees (เรทเฉลี่ย แล้วแต่ program),2024,https://srfs.upenn.edu/costs-budgeting
Cornell University,bachelor,US,"Ithaca, NY",foreign_university,19,22,2425990,69314,USD,ราคาเดียวทุกสัญชาติ (endowed colleges); tuition+fees,2024,https://bursar.cornell.edu/students-parents/tuition-rates-and-fees
Cornell University,master,US,"Ithaca, NY",foreign_university,23,24,1055600,30160,USD,ราคาเดียวทุกสัญชาติ; graduate research tuition+fees; professional master สูงกว่า,2024,https://bursar.cornell.edu/students-parents/tuition-rates-and-fees
Brown University,bachelor,US,"Providence, RI",foreign_university,19,22,2495920,71312,USD,"ราคาเดียวทุกสัญชาติ; tuition 68,612 + fees 2,700",2024,https://sfs.brown.edu/tuition-and-fees/undergraduate
Brown University,master,US,"Providence, RI",foreign_university,23,24,2448180,69948,USD,ราคาเดียวทุกสัญชาติ; graduate tuition+fees,2024,https://sfs.brown.edu/tuition-and-fees
Dartmouth College,bachelor,US,"Hanover, NH",foreign_university,19,22,2380665,68019,USD,ราคาเดียวทุกสัญชาติ; tuition+fees,2024,https://admissions.dartmouth.edu/financial-aid/cost-attendance
Dartmouth College,master,US,"Hanover, NH",foreign_university,23,24,2331595,66617,USD,ราคาเดียวทุกสัญชาติ; graduate tuition+fees,2024,https://graduate.dartmouth.edu/financial/cost-attendance
Northwestern University,bachelor,US,"Evanston, IL",foreign_university,19,22,2391270,68322,USD,"ราคาเดียวทุกสัญชาติ; tuition 67,158 + fees 1,164",2024,https://www.northwestern.edu/sfs/tuition/
Northwestern University,master,US,"Evanston, IL",foreign_university,23,24,1912925,54655,USD,ราคาเดียวทุกสัญชาติ; graduate tuition+fees (เรทเฉลี่ย),2024,https://www.northwestern.edu/sfs/tuition/
Duke University,bachelor,US,"Durham, NC",foreign_university,19,22,2406530,68758,USD,ราคาเดียวทุกสัญชาติ; tuition+fees,2024,https://finance.duke.edu/bursar/TuitionFees/tuition/
Duke University,master,US,"Durham, NC",foreign_university,23,24,2328305,66523,USD,ราคาเดียวทุกสัญชาติ; graduate tuition+fees,2024,https://finance.duke.edu/bursar/TuitionFees/tuition/
Johns Hopkins University,bachelor,US,"Baltimore, MD",foreign_university,19,22,2265550,64730,USD,ราคาเดียวทุกสัญชาติ; tuition+fees,2024,https://sfs.jhu.edu/cost-tuition/
Johns Hopkins University,master,US,"Baltimore, MD",foreign_university,23,24,2265550,64730,USD,ราคาเดียวทุกสัญชาติ; graduate tuition+fees (เรทเฉลี่ย),2024,https://sfs.jhu.edu/cost-tuition/
University of Chicago (UChicago),bachelor,US,"Chicago, IL",foreign_university,19,22,2426340,69324,USD,"ราคาเดียวทุกสัญชาติ; tuition 66,939 + fees",2024,https://bursar.uchicago.edu/tuition-and-fees/tuition-and-fees-2024-2025/tuition-and-fees-2024-25-college
University of Chicago (UChicago),master,US,"Chicago, IL",foreign_university,23,24,2402820,68652,USD,ราคาเดียวทุกสัญชาติ; graduate tuition+fees (เรทเฉลี่ย),2024,https://bursar.uchicago.edu/tuition-and-fees/tuition-and-fees-2024-2025
UCLA,bachelor,US,"Los Angeles, CA",foreign_university,19,22,1959160,55976,USD,"อัตรานักศึกษาต่างชาติ (non-resident): University Fees 16,706 + nonresident supplemental 39,270 = 55,976; ต้องบวก nonresident supplemental เพิ่ม; (resident: 16,706/ปี)",2024,https://admission.ucla.edu/tuition-aid/tuition-fees
UCLA,master,US,"Los Angeles, CA",foreign_university,23,24,1038275,29665,USD,"อัตรานักศึกษาต่างชาติ (non-resident): base 14,563 + grad nonresident supplemental 15,102 = 29,665; ต้องบวก nonresident supplemental เพิ่ม; (resident: 14,563/ปี)",2024,https://sa.ucla.edu/RO/Fees/Public/public-fees
UC Berkeley,bachelor,US,"Berkeley, CA",foreign_university,19,22,2012010,57486,USD,"อัตรานักศึกษาต่างชาติ (non-resident): base tuition+fees 18,216 + nonresident supplemental 39,270 = 57,486; ต้องบวก nonresident supplemental เพิ่ม; (resident: 18,216/ปี)",2024,https://registrar.berkeley.edu/tuition-fees/fee-schedule/
UC Berkeley,master,US,"Berkeley, CA",foreign_university,23,24,1083880,30968,USD,"อัตรานักศึกษาต่างชาติ (non-resident): base 15,866 + grad nonresident supplemental 15,102 = 30,968; ต้องบวก nonresident supplemental เพิ่ม; (resident: 15,866/ปี); Haas MBA ~78,000",2024,https://registrar.berkeley.edu/tuition-fees/fee-schedule/
University of Michigan-Ann Arbor,bachelor,US,"Ann Arbor, MI",foreign_university,19,22,2207835,63081,USD,"อัตรานักศึกษาต่างชาติ = out-of-state tuition+fees 63,081 (Michigan ไม่แยก supplemental จ่ายเรท non-resident เต็ม); (resident/in-state: 18,848/ปี)",2024,https://ro.umich.edu/tuition-residency/tuition-fees
University of Michigan-Ann Arbor,master,US,"Ann Arbor, MI",foreign_university,23,24,2022160,57776,USD,"อัตรานักศึกษาต่างชาติ (graduate) = out-of-state tuition+fees 57,776; (resident/in-state: 28,886/ปี); Ross MBA ~78,200",2024,https://ro.umich.edu/tuition-residency/tuition-fees
New York University (NYU),bachelor,US,"New York, NY",foreign_university,19,22,2197860,62796,USD,ราคาเดียวทุกสัญชาติ; tuition+fees (CAS),2024,https://www.nyu.edu/students/student-information-and-resources/bills-payments-and-refunds/tuition-and-fee-rates.html
New York University (NYU),master,US,"New York, NY",foreign_university,23,24,1495410,42726,USD,ราคาเดียวทุกสัญชาติ; graduate tuition+fees (เรทเฉลี่ย แล้วแต่ program),2024,https://www.nyu.edu/students/student-information-and-resources/bills-payments-and-refunds/tuition-and-fee-rates.html
University of Southern California (USC),bachelor,US,"Los Angeles, CA",foreign_university,19,22,2507645,71647,USD,"ราคาเดียวทุกสัญชาติ; tuition 69,904 + mandatory fees ~1,743",2024,https://catalogue.usc.edu/content.php?catoid=20&navoid=8353
University of Southern California (USC),master,US,"Los Angeles, CA",foreign_university,23,24,2471140,70604,USD,"ราคาเดียวทุกสัญชาติ; graduate full-time tuition+fees ~70,604 (แล้วแต่ program)",2024,https://catalogue.usc.edu/content.php?catoid=20&navoid=8353
University of Oxford,bachelor,UK,Oxford,foreign_university,19,22,2035040,44240,GBP,"อัตรา overseas; ค่าเทอมตามสาขา 35,260-59,260/ปี (ค่ากลาง); ไม่รวม clinical; (home/UK resident: 9,250/ปี ตามเพดานรัฐ)",2025,https://www.ox.ac.uk/admissions/undergraduate/fees-and-funding/course-fees
University of Oxford,master,UK,Oxford,foreign_university,23,24,1748000,38000,GBP,"อัตรา overseas; MSc ส่วนใหญ่ 29,350-59,360/ปี (ค่ากลาง); (home/UK PG: ต่ำกว่ามาก ไม่มีเพดาน 9,250)",2025,https://www.ox.ac.uk/admissions/graduate/fees-and-funding
University of Cambridge,bachelor,UK,Cambridge,foreign_university,19,22,1243104,27024,GBP,"อัตรา overseas; Group 1 (Arts/Econ/Law) 27,024; สูงสุด 70,554 (แพทย์); (home/UK resident: 9,250/ปี ตามเพดานรัฐ)",2025,https://www.undergraduate.study.cam.ac.uk/international-students/international-fees-and-costs
University of Cambridge,master,UK,Cambridge,foreign_university,23,24,1748000,38000,GBP,อัตรา overseas; MPhil ตามสาขา + College fee เพิ่ม; (home/UK resident: ต่ำกว่ามาก),2025,https://www.postgraduate.study.cam.ac.uk/finance/fees
Imperial College London,bachelor,UK,London,foreign_university,19,22,1883240,40940,GBP,"อัตรา non-Home; Engineering 40,940 (วิทย์ฯ 39,100-41,650); แพทย์ถึง 53,700; (home/UK resident: 9,250/ปี ตามเพดานรัฐ)",2025,https://www.imperial.ac.uk/students/fees-and-funding/tuition-fees/undergraduate-tuition-fees/2025-26/
Imperial College London,master,UK,London,foreign_university,23,24,1812400,39400,GBP,"อัตรา overseas; MSc วิศวะ ~40,900, Computing 41,750; (home/UK resident: ต่ำกว่ามาก)",2025,https://www.imperial.ac.uk/study/fees-and-funding/postgraduate-taught/tuition-fees/
University College London (UCL),bachelor,UK,London,foreign_university,19,22,1435200,31200,GBP,"อัตรา overseas; ตามคณะ 24,200-44,000/ปี (ค่ากลาง); (home/UK resident: 9,250/ปี ตามเพดานรัฐ)",2025,https://www.ucl.ac.uk/study/student-finances/tuition-fees/fee-schedules/fee-schedules-2025-2026/undergraduate-fees-2025-2026
University College London (UCL),master,UK,London,foreign_university,23,24,1518000,33000,GBP,"อัตรา overseas; PG taught ~24,000-40,000+/ปี (ค่ากลาง); (home/UK resident: ต่ำกว่ามาก)",2025,https://www.ucl.ac.uk/study/student-finances/tuition-fees/fee-schedules/fee-schedules-2025-2026
London School of Economics (LSE),bachelor,UK,London,foreign_university,19,22,1258560,27360,GBP,"อัตรา overseas; ส่วนใหญ่ 27,360/ปี (fixed ตลอดหลักสูตร); (home/UK resident: 9,250/ปี ตามเพดานรัฐ)",2025,https://www.lse.ac.uk/study-at-lse/undergraduate/fees-and-funding/tuition-fees
London School of Economics (LSE),master,UK,London,foreign_university,23,24,1748000,38000,GBP,"อัตรา overseas; MSc ตามสาขา ~25,000-42,000/ปี (ค่ากลาง); (home/UK resident: ต่ำกว่า)",2025,https://www.lse.ac.uk/study-at-lse/graduate/fees-and-funding/tuition-fees
University of Edinburgh,bachelor,UK,Edinburgh,foreign_university,19,22,1219000,26500,GBP,"อัตรา overseas; Arts ~26,500, วิทย์ฯ/วิศวะ ~36,800/ปี; (home/Scotland: ฟรีผ่าน SAAS; rUK cap 9,250/ปี)",2025,https://www.ed.ac.uk/studying/international/finances
University of Edinburgh,master,UK,Edinburgh,foreign_university,23,24,1587000,34500,GBP,"อัตรา overseas; PG taught ~23,600-40,900/ปี (ค่ากลาง); (home/EU resident: ต่ำกว่า)",2025,https://www.ed.ac.uk/studying/international/finances
King's College London (KCL),bachelor,UK,London,foreign_university,19,22,1545600,33600,GBP,"อัตรา overseas; ตามสาขา 25,500-58,200/ปี (ค่ากลาง, แพทย์/ทันตะสูงสุด); (home/UK resident: 9,250/ปี ตามเพดานรัฐ)",2025,https://www.kcl.ac.uk/study/undergraduate/fees-and-funding/tuition-fees
King's College London (KCL),master,UK,London,foreign_university,23,24,1656000,36000,GBP,"อัตรา overseas; PG taught 30,000-45,100/ปี (ค่ากลาง); (home/UK resident: ต่ำกว่ามาก)",2025,https://www.kcl.ac.uk/study/postgraduate-taught/fees-and-funding/tuition-fees
University of Manchester,bachelor,UK,Manchester,foreign_university,19,22,1449000,31500,GBP,"อัตรา overseas; ตามคณะ ~24,000-36,000/ปี (แพทย์สูงกว่า, ค่ากลาง); (home/UK resident: 9,250/ปี ตามเพดานรัฐ)",2025,https://www.manchester.ac.uk/study/international/finance-and-scholarships/fees/
University of Manchester,master,UK,Manchester,foreign_university,23,24,1472000,32000,GBP,"อัตรา overseas; MSc ~25,000-40,000/ปี (ค่ากลาง); (home/UK resident: ต่ำกว่ามาก)",2025,https://www.manchester.ac.uk/study/international/finance-and-scholarships/fees/
London Business School MBA,master,UK,London,foreign_university,23,24,5701700,123950,GBP,"อัตรา program fee MBA 2026 intake 123,950 (ตลอด 15-21 เดือน) + SA fee 400; เท่ากันทุกสัญชาติ (ไม่มีอัตรา home/EU แยก)",2026,https://www.london.edu/masters-degrees/mba/fees-financing-and-scholarships
ETH Zurich,bachelor,CH,Zurich,foreign_university,19,22,175200,4380,CHF,"อัตรา foreign (threefold) CHF 2,190/ภาคเรียน = 4,380/ปี เริ่ม autumn 2025; (Swiss/EU resident หรือผู้จบ matura ในสวิส: CHF 730/ภาคเรียน = 1,460/ปี)",2025,https://ethz.ch/students/en/studies/financial/tuition-fees.html
ETH Zurich,master,CH,Zurich,foreign_university,23,24,175200,4380,CHF,"อัตรา foreign (threefold) CHF 4,380/ปี; (Swiss/EU resident: CHF 1,460/ปี)",2025,https://ethz.ch/students/en/studies/financial/tuition-fees.html
EPFL,bachelor,CH,Lausanne,foreign_university,19,22,175200,4380,CHF,"อัตรา foreign CHF 2,190/ภาคเรียน = 4,380/ปี เริ่ม autumn 2025; (Swiss/EU resident: CHF 730/ภาคเรียน = 1,460/ปี)",2025,https://www.epfl.ch/education/studies/en/rules-and-procedures/study-taxes/tuition-fee-other-fees/
EPFL,master,CH,Lausanne,foreign_university,23,24,175200,4380,CHF,"อัตรา foreign CHF 4,380/ปี; (Swiss/EU resident: CHF 1,460/ปี)",2025,https://www.epfl.ch/education/studies/en/rules-and-procedures/study-taxes/tuition-fee-other-fees/
TU Munich,bachelor,DE,Munich,foreign_university,19,22,228000,6000,EUR,"อัตรา non-EU 2,000-3,000/ภาคเรียน (ใช้ 3,000 = 6,000/ปี) เริ่ม WS2024/25 + ค่าบำรุง ~170/ภาคเรียน; (EU students ฟรี)",2025,https://www.tum.de/en/studies/fees/tuition
TU Munich,master,DE,Munich,foreign_university,23,24,456000,12000,EUR,"อัตรา non-EU 4,000-6,000/ภาคเรียน (ใช้ 6,000 = 12,000/ปี); (EU students ฟรี)",2025,https://www.tum.de/en/studies/fees/tuition
LMU Munich,bachelor,DE,Munich,foreign_university,19,22,0,0,EUR,ไม่เก็บค่าเล่าเรียนแม้แต่ non-EU (เฉพาะ LMU non-EU ก็ฟรี ต่างจาก TUM) มีเพียงค่าบำรุง ~170/ภาคเรียน; (EU students ฟรีเช่นกัน),2025,https://www.lmu.de/en/study/important-information/organising-your-studies/semester-fees/index.html
LMU Munich,master,DE,Munich,foreign_university,23,24,0,0,EUR,ไม่เก็บค่าเล่าเรียนแม้แต่ non-EU มีเพียงค่าบำรุง ~170/ภาคเรียน; (EU students ฟรีเช่นกัน),2025,https://www.lmu.de/en/study/important-information/organising-your-studies/semester-fees/index.html
Heidelberg University,bachelor,DE,Heidelberg,foreign_university,19,22,114000,3000,EUR,"อัตรา non-EU 1,500/ภาคเรียน = 3,000/ปี (กฎ Baden-Wurttemberg) + ค่าบำรุง ~170; (EU students ฟรี จ่ายเพียงค่าบำรุง ~152-170/ภาคเรียน)",2025,https://www.uni-heidelberg.de/en/study/management-of-studies/semester-fees/tuition-fees-for-international-students
Heidelberg University,master,DE,Heidelberg,foreign_university,23,24,114000,3000,EUR,"อัตรา non-EU 1,500/ภาคเรียน = 3,000/ปี (consecutive master); (EU students ฟรี)",2025,https://www.uni-heidelberg.de/en/study/management-of-studies/semester-fees/tuition-fees-for-international-students
HEC Paris,master,FR,Paris,foreign_university,23,24,984200,25900,EUR,"อัตรา non-EU (admission parallele) 25,900/ปี (รวมค่าบริการ 28,850); grande ecole ไม่มี Bachelor; (EU/ผ่าน prepa: differentiated 0-21,000/ปี)",2026,https://www.hec.edu/en/grande-ecole-masters/grande-ecole-master-management/fees-and-financing
HEC Paris MBA,master,FR,Paris,foreign_university,23,24,3914000,103000,EUR,"อัตรา program fee MBA ~103,000 (ตลอด 16 เดือน); เท่ากันทุกสัญชาติ (ไม่มีอัตรา EU แยก)",2025,https://www.hec.edu/en/mba-executive-mba/mba/admissions/fees-funding
Sciences Po,bachelor,FR,Paris,foreign_university,19,22,566200,14900,EUR,"อัตรา non-European 14,900/ปี; (EU resident: differentiated ตามรายได้ 0-14,900 เฉลี่ย ~5,740/ปี)",2026,https://www.sciencespo.fr/en/admissions-and-financial-aid/tuition-fees/
Sciences Po,master,FR,Paris,foreign_university,23,24,784320,20640,EUR,"อัตรา non-European 20,640/ปี; (EU resident: differentiated 0-20,640 เฉลี่ย ~7,275/ปี)",2026,https://www.sciencespo.fr/en/admissions-and-financial-aid/tuition-fees/
PSL Paris (Universite PSL),bachelor,FR,Paris,foreign_university,19,22,108300,2850,EUR,"อัตรา non-EU frais differencies licence 2,850/ปี; (EU low rate: licence ~178/ปี)",2025,https://psl.eu/en/education/tuition-fees
PSL Paris (Universite PSL),master,FR,Paris,foreign_university,23,24,147402,3879,EUR,"อัตรา non-EU frais differencies master 3,879/ปี; (EU low rate: master ~250/ปี)",2025,https://psl.eu/en/education/tuition-fees
Sorbonne Universite,bachelor,FR,Paris,foreign_university,19,22,108300,2850,EUR,"อัตรา non-EU frais differencies licence 2,850/ปี; (EU low rate: licence ~178/ปี)",2025,https://www.sorbonne-universite.fr/en/admissions/tuition-fees
Sorbonne Universite,master,FR,Paris,foreign_university,23,24,147402,3879,EUR,"อัตรา non-EU frais differencies master 3,879/ปี; (EU low rate: master ~250/ปี)",2025,https://www.sorbonne-universite.fr/en/admissions/tuition-fees
TU Delft,bachelor,NL,Delft,foreign_university,19,22,657780,17310,EUR,"อัตรา institutional (non-EU/EEA) 17,310/ปี (2025-26); (statutory EU rate: 2,601/ปี)",2025,https://www.tudelft.nl/en/education/study-programme-orientation/practical-matters/tuition-fee-finances
TU Delft,master,NL,Delft,foreign_university,23,24,847020,22290,EUR,"อัตรา institutional (non-EU/EEA) 22,290/ปี (2025-26); (statutory EU rate: 2,601/ปี)",2025,https://www.tudelft.nl/en/education/study-programme-orientation/practical-matters/tuition-fee-finances
University of Amsterdam (UvA),bachelor,NL,Amsterdam,foreign_university,19,22,494000,13000,EUR,"อัตรา institutional (non-EU/EEA) ตามคณะ 11,500-17,000/ปี (ค่ากลาง); (statutory EU rate: 2,601/ปี)",2025,https://www.uva.nl/en/education/fees-and-funding/tuition-fees/tuition-fees-2025-2026/tuition-fees-2025-2026.html
University of Amsterdam (UvA),master,NL,Amsterdam,foreign_university,23,24,684000,18000,EUR,"อัตรา institutional (non-EU/EEA) ตามคณะ 16,500-25,860/ปี (ค่ากลาง); (statutory EU rate: 2,601/ปี)",2025,https://www.uva.nl/en/education/fees-and-funding/tuition-fees/tuition-fees-2025-2026/tuition-fees-2025-2026.html
Bocconi University,bachelor,IT,Milan,foreign_university,19,22,634600,16700,EUR,"อัตรา non-EU เต็มจำนวน 16,700/ปี (BSc/Law, 2025-26); (EU income-based: ลดได้ผ่าน Bocconi4Access เหลือ ~3,300+/ปี)",2025,https://www.unibocconi.it/en/current-students/fees
Bocconi University,master,IT,Milan,foreign_university,23,24,691600,18200,EUR,"อัตรา non-EU เต็มจำนวน 18,200/ปี (MSc/Law, 2025-26); (EU income-based: ลดได้ตามรายได้)",2025,https://www.unibocconi.it/en/current-students/fees
SDA Bocconi MBA,master,IT,Milan,foreign_university,23,24,3116000,82000,EUR,"อัตรา full-time MBA 2026-27 82,000 (VAT exempt); เท่ากันทุกสัญชาติ (ไม่มีอัตรา EU แยก)",2026,https://www.sdabocconi.it/en/mba-executive-mba/full-time-mba/fees-and-scholarships/
Karolinska Institutet,bachelor,SE,Stockholm,foreign_university,19,22,594000,180000,SEK,"อัตรา non-EU/EEA SEK 180,000/ปี (BSc 3 ปี); (EU/EEA/Swiss: เรียนฟรี ไม่มีค่าเล่าเรียน)",2025,https://education.ki.se/bachelors-masters-studies/tuition-fees
Karolinska Institutet,master,SE,Stockholm,foreign_university,23,24,594000,180000,SEK,"อัตรา non-EU/EEA SEK 180,000/ปี (บางหลักสูตรถึง 200,000); (EU/EEA/Swiss: เรียนฟรี)",2025,https://education.ki.se/bachelors-masters-studies/tuition-fees
KU Leuven,bachelor,BE,Leuven,foreign_university,19,22,228000,6000,EUR,"อัตรา non-EEA ~6,000/ปี (แตกต่างตามหลักสูตร); (EEA resident: ~1,116/ปี)",2025,https://www.kuleuven.be/english/education/student/fees
KU Leuven,master,BE,Leuven,foreign_university,23,24,228000,6000,EUR,"อัตรา non-EEA ~3,500-6,600/ปี (ค่ากลางตามหลักสูตร); (EEA resident: ~1,116/ปี)",2025,https://www.kuleuven.be/english/education/student/fees
Trinity College Dublin,bachelor,IE,Dublin,foreign_university,19,22,858040,22580,EUR,"อัตรา non-EU; Business/Arts 22,580/ปี (STEM/CS สูงกว่า, แพทย์ ~58k); (EU resident: Free Fees รัฐออกค่าเล่าเรียน จ่ายเพียง student contribution ~3,000/ปี)",2026,https://www.tcd.ie/courses/undergraduate/fees/
Trinity College Dublin,master,IE,Dublin,foreign_university,23,24,950000,25000,EUR,"อัตรา non-EU ตามหลักสูตร ~22,000-30,000/ปี (ค่ากลาง); (EU resident: ต่ำกว่ามาก)",2026,https://www.tcd.ie/courses/postgraduate/fees/
Tsinghua University,bachelor,CN,Beijing,foreign_university,19,22,144000,30000,CNY,"อัตรานักศึกษาต่างชาติ Sci/Eng; (พลเมืองจีน domestic ~5,000-6,000/ปี)",2026,https://international.join-tsinghua.edu.cn/Admission1/Fees.htm
Tsinghua University,master,CN,Beijing,foreign_university,23,24,158400,33000,CNY,"อัตรานักศึกษาต่างชาติ Sci/Eng/Medicine; (พลเมืองจีน domestic ~5,000-6,000/ปี)",2026,https://yz.tsinghua.edu.cn/en/Costs/Tuition_Fees.htm
Peking University,bachelor,CN,Beijing,foreign_university,19,22,144000,30000,CNY,"อัตรานักศึกษาต่างชาติ Science subjects; (พลเมืองจีน domestic ~5,000-6,000/ปี)",2026,https://isd.pku.edu.cn/en/campus_detail.php?id=700
Peking University,master,CN,Beijing,foreign_university,23,24,158400,33000,CNY,"อัตรานักศึกษาต่างชาติ Science subjects; (พลเมืองจีน domestic ~5,000-6,000/ปี)",2026,https://isd.pku.edu.cn/en/campus_detail.php?id=700
Fudan University,bachelor,CN,Shanghai,foreign_university,19,22,144000,30000,CNY,"อัตรานักศึกษาต่างชาติ Sci/Eng (มาตรฐาน); (พลเมืองจีน domestic ~5,000-6,000/ปี)",2026,https://iso.fudan.edu.cn/
Fudan University,master,CN,Shanghai,foreign_university,23,24,144000,30000,CNY,"อัตรานักศึกษาต่างชาติ Natural Sciences; (พลเมืองจีน domestic ~5,000-6,000/ปี)",2026,https://iso.fudan.edu.cn/
Shanghai Jiao Tong University,bachelor,CN,Shanghai,foreign_university,19,22,119040,24800,CNY,"อัตรานักศึกษาต่างชาติ Sci/Eng (มาตรฐาน); (พลเมืองจีน domestic ~5,000-6,000/ปี)",2026,https://gc.sjtu.edu.cn/admission/international-undergraduate-admission/fees-and-scholarships/
Shanghai Jiao Tong University,master,CN,Shanghai,foreign_university,23,24,138720,28900,CNY,"อัตรานักศึกษาต่างชาติ master มาตรฐาน; (พลเมืองจีน domestic ~5,000-6,000/ปี)",2026,https://gc.sjtu.edu.cn/admission/graduate-admission/tuition-fees-and-scholarships/
Zhejiang University,bachelor,CN,Hangzhou,foreign_university,19,22,124800,26000,CNY,"อัตรานักศึกษาต่างชาติ Sci/Eng; (พลเมืองจีน domestic ~5,000-6,000/ปี)",2026,https://zju.cucas.cn/fee-structure/
Zhejiang University,master,CN,Hangzhou,foreign_university,23,24,134400,28000,CNY,"อัตรานักศึกษาต่างชาติ master มาตรฐาน; (พลเมืองจีน domestic ~5,000-6,000/ปี)",2026,https://zju.cucas.cn/fee-structure/
Nanjing University,bachelor,CN,Nanjing,foreign_university,19,22,115200,24000,CNY,"อัตรานักศึกษาต่างชาติ Sci/Eng/Business; (พลเมืองจีน domestic ~5,000-6,000/ปี)",2026,https://hwxy.nju.edu.cn/English/StudyatNJU/Costs/Tuition/index.html
Nanjing University,master,CN,Nanjing,foreign_university,23,24,134400,28000,CNY,"อัตรานักศึกษาต่างชาติ Sci/Eng/Business; (พลเมืองจีน domestic ~5,000-6,000/ปี)",2026,https://hwxy.nju.edu.cn/English/StudyatNJU/Costs/Tuition/index.html
USTC,bachelor,CN,Hefei,foreign_university,19,22,124800,26000,CNY,"อัตรานักศึกษาต่างชาติ Science/Eng; (พลเมืองจีน domestic ~5,000-6,000/ปี)",2026,https://en.ustc.edu.cn/info/1058/1129.htm
USTC,master,CN,Hefei,foreign_university,23,24,144000,30000,CNY,"อัตรานักศึกษาต่างชาติ master programs; (พลเมืองจีน domestic ~5,000-6,000/ปี)",2026,https://ic.ustc.edu.cn/en/v7list.php?id=183
Wuhan University,bachelor,CN,Wuhan,foreign_university,19,22,99360,20700,CNY,"อัตรานักศึกษาต่างชาติ Science/Engineering; (พลเมืองจีน domestic ~5,000-6,000/ปี)",2026,https://www.sicas.com.cn/School/188/Wuhan-University/Fees
Wuhan University,master,CN,Wuhan,foreign_university,23,24,131040,27300,CNY,"อัตรานักศึกษาต่างชาติ Science/Engineering; (พลเมืองจีน domestic ~5,000-6,000/ปี)",2026,https://www.sicas.com.cn/School/188/Wuhan-University/Fees
Sun Yat-sen University,bachelor,CN,Guangzhou,foreign_university,19,22,144000,30000,CNY,"อัตรานักศึกษาต่างชาติ Natural Science/Engineering; (พลเมืองจีน domestic ~5,000-6,000/ปี)",2026,https://sti.sysu.edu.cn/en/article/387
Sun Yat-sen University,master,CN,Guangzhou,foreign_university,23,24,172800,36000,CNY,"อัตรานักศึกษาต่างชาติ Natural Science/Engineering; (พลเมืองจีน domestic ~5,000-6,000/ปี)",2026,https://sti.sysu.edu.cn/en/article/387
Renmin University of China,bachelor,CN,Beijing,foreign_university,19,22,103200,21500,CNY,"อัตรานักศึกษาต่างชาติ Humanities/Social Science; (พลเมืองจีน domestic ~5,000-6,000/ปี)",2026,http://iso.ruc.edu.cn/ENGLISH/StudyRUC/TuitionFeeInformation/index.htm
Renmin University of China,master,CN,Beijing,foreign_university,23,24,127200,26500,CNY,"อัตรานักศึกษาต่างชาติ Humanities/Social Science; (พลเมืองจีน domestic ~5,000-6,000/ปี)",2026,http://iso.ruc.edu.cn/ENGLISH/StudyRUC/TuitionFeeInformation/index.htm
Beijing Normal University,bachelor,CN,Beijing,foreign_university,19,22,132960,27700,CNY,"อัตรานักศึกษาต่างชาติ Science subjects; (พลเมืองจีน domestic ~5,000-6,000/ปี)",2026,https://admission-is.bnu.edu.cn/english/admissionprogram/bachelordegreeprogram/admissionbrochure/index.html
Beijing Normal University,master,CN,Beijing,foreign_university,23,24,155040,32300,CNY,"อัตรานักศึกษาต่างชาติ Science subjects; (พลเมืองจีน domestic ~5,000-6,000/ปี)",2026,https://international.bnu.edu.cn/user/sysNews/detail/23
Tongji University,bachelor,CN,Shanghai,foreign_university,19,22,118080,24600,CNY,"อัตรานักศึกษาต่างชาติ Science; (พลเมืองจีน domestic ~5,000-6,000/ปี)",2026,https://www.tongji.edu.cn/eng1/Admissions/Undergraduate/Tuition_Fees.htm
Tongji University,master,CN,Shanghai,foreign_university,23,24,137760,28700,CNY,"อัตรานักศึกษาต่างชาติ Science; (พลเมืองจีน domestic ~5,000-6,000/ปี)",2026,https://study.tongji.edu.cn/English/HOME/Fees_Costs.htm
Beihang University (BUAA),bachelor,CN,Beijing,foreign_university,19,22,144000,30000,CNY,"อัตรานักศึกษาต่างชาติ Sci/Eng; (พลเมืองจีน domestic ~5,000-6,000/ปี)",2026,https://is.buaa.edu.cn/en/lxsq/Undergraduate.htm
Beihang University (BUAA),master,CN,Beijing,foreign_university,23,24,168000,35000,CNY,"อัตรานักศึกษาต่างชาติ Sci/Eng; (พลเมืองจีน domestic ~5,000-6,000/ปี)",2026,https://is.buaa.edu.cn/en/info/1029/3071.htm
Harbin Institute of Technology (HIT),bachelor,CN,Harbin,foreign_university,19,22,144000,30000,CNY,"อัตรานักศึกษาต่างชาติ Sci/Eng; (พลเมืองจีน domestic ~5,000-6,000/ปี)",2026,http://en.hitsz.edu.cn/Incoming_Students/Fees.htm
Harbin Institute of Technology (HIT),master,CN,Harbin,foreign_university,23,24,168000,35000,CNY,"อัตรานักศึกษาต่างชาติ Sci/Eng; (พลเมืองจีน domestic ~5,000-6,000/ปี)",2026,http://en.hitsz.edu.cn/Incoming_Students/Fees.htm
Xi'an Jiaotong University,bachelor,CN,Xi'an,foreign_university,19,22,105600,22000,CNY,"อัตรานักศึกษาต่างชาติ Science/Engineering; (พลเมืองจีน domestic ~5,000-6,000/ปี)",2026,https://www.sicas.cn/School/235/1299.shtml
Xi'an Jiaotong University,master,CN,Xi'an,foreign_university,23,24,144000,30000,CNY,"อัตรานักศึกษาต่างชาติ master (non-medicine); (พลเมืองจีน domestic ~5,000-6,000/ปี)",2026,https://www.sicas.cn/School/235/1299.shtml
Nankai University,bachelor,CN,Tianjin,foreign_university,19,22,120000,25000,CNY,"อัตรานักศึกษาต่างชาติ Science; (พลเมืองจีน domestic ~5,000-6,000/ปี)",2026,https://nku.cucas.cn/fee-structure/
Nankai University,master,CN,Tianjin,foreign_university,23,24,144000,30000,CNY,"อัตรานักศึกษาต่างชาติ Science; (พลเมืองจีน domestic ~5,000-6,000/ปี)",2026,https://nku.cucas.cn/fee-structure/
Tianjin University,bachelor,CN,Tianjin,foreign_university,19,22,124800,26000,CNY,"อัตรานักศึกษาต่างชาติ Science/Engineering; (พลเมืองจีน domestic ~5,000-6,000/ปี)",2026,https://sie.tju.edu.cn/en/xwxm/UNDERGRADUATE/202510/t20251013_324445.html
Tianjin University,master,CN,Tianjin,foreign_university,23,24,144000,30000,CNY,"อัตรานักศึกษาต่างชาติ Science/Engineering; (พลเมืองจีน domestic ~5,000-6,000/ปี)",2026,https://tju.cucas.cn/fee-structure/
Southeast University,bachelor,CN,Nanjing,foreign_university,19,22,91200,19000,CNY,"อัตรานักศึกษาต่างชาติ Engineering; (พลเมืองจีน domestic ~5,000-6,000/ปี)",2026,https://cis.seu.edu.cn/hwenglish/FeesStandards/list.htm
Southeast University,master,CN,Nanjing,foreign_university,23,24,110400,23000,CNY,"อัตรานักศึกษาต่างชาติ Engineering; (พลเมืองจีน domestic ~5,000-6,000/ปี)",2026,https://cis.seu.edu.cn/hwenglish/FeesStandards/list.htm
Sichuan University,bachelor,CN,Chengdu,foreign_university,19,22,105600,22000,CNY,"อัตรานักศึกษาต่างชาติ Science/Engineering; (พลเมืองจีน domestic ~5,000-6,000/ปี)",2026,https://global.scu.edu.cn/oso/article/index/1095?lang=en
Sichuan University,master,CN,Chengdu,foreign_university,23,24,120000,25000,CNY,"อัตรานักศึกษาต่างชาติ Science/Engineering; (พลเมืองจีน domestic ~5,000-6,000/ปี)",2026,https://www.sicas.cn/School/151/475.shtml
HUST,bachelor,CN,Wuhan,foreign_university,19,22,120000,25000,CNY,"อัตรานักศึกษาต่างชาติ Sci/Eng/Econ&Mgmt; (พลเมืองจีน domestic ~5,000-6,000/ปี)",2026,http://hust.admissions.cn/expense
HUST,master,CN,Wuhan,foreign_university,23,24,144000,30000,CNY,"อัตรานักศึกษาต่างชาติ Sci/Eng/Econ&Mgmt; (พลเมืองจีน domestic ~5,000-6,000/ปี)",2026,http://hust.admissions.cn/expense
Australian National University (ANU),bachelor,AU,Canberra,foreign_university,19,22,1346880,56120,AUD,"อัตรา international Engineering/Science (Band 4); (domestic Commonwealth-supported ~9,537/ปี)",2026,https://www.anu.edu.au/students/program-administration/fees-payments/international-tuition-fees
Australian National University (ANU),master,AU,Canberra,foreign_university,23,24,1346880,56120,AUD,"อัตรา international Engineering/Science (Band 4); (domestic Commonwealth-supported ~9,537/ปี)",2026,https://www.anu.edu.au/students/program-administration/fees-payments/international-tuition-fees
University of Melbourne,bachelor,AU,Melbourne,foreign_university,19,22,1449984,60416,AUD,"อัตรา international Engineering; (domestic Commonwealth-supported ~9,537/ปี)",2026,https://study.unimelb.edu.au/how-to-apply/undergraduate-study/international-applications/fees-and-payments
University of Melbourne,master,AU,Melbourne,foreign_university,23,24,1511424,62976,AUD,"อัตรา international Computer Science/Engineering; (domestic Commonwealth-supported ~9,537/ปี)",2026,https://study.unimelb.edu.au/how-to-apply/fees
University of Sydney,bachelor,AU,Sydney,foreign_university,19,22,1454400,60600,AUD,"อัตรา international Engineering/Computer Science; (domestic Commonwealth-supported ~9,537/ปี)",2026,https://www.sydney.edu.au/study/fees-and-loans/international-student-tuition-fees.html
University of Sydney,master,AU,Sydney,foreign_university,23,24,1454400,60600,AUD,"อัตรา international Engineering/Computer Science; (domestic Commonwealth-supported ~9,537/ปี)",2026,https://www.sydney.edu.au/study/fees-and-loans/international-student-tuition-fees.html
UNSW Sydney,bachelor,AU,Sydney,foreign_university,19,22,1330560,55440,AUD,"อัตรา international Engineering (indicative); (domestic Commonwealth-supported ~9,537/ปี)",2026,https://www.unsw.edu.au/student/managing-your-studies/fees/international
UNSW Sydney,master,AU,Sydney,foreign_university,23,24,1353600,56400,AUD,"อัตรา international Engineering/IT (indicative); (domestic Commonwealth-supported ~9,537/ปี)",2026,https://www.unsw.edu.au/student/managing-your-studies/fees/international
Monash University,bachelor,AU,Melbourne,foreign_university,19,22,1341600,55900,AUD,"อัตรา international Commerce/Business; (domestic Commonwealth-supported ~17,399/ปี)",2026,https://www.monash.edu/study/fees-scholarships/fees
Monash University,master,AU,Melbourne,foreign_university,23,24,1152000,48000,AUD,"อัตรา international coursework (Business/IT); (domestic Commonwealth-supported ~17,399/ปี)",2026,https://www.monash.edu/study/fees-scholarships/fees
University of Queensland (UQ),bachelor,AU,Brisbane,foreign_university,19,22,1298304,54096,AUD,"อัตรา international Science/Commerce; (domestic Commonwealth-supported ~9,537/ปี)",2026,https://my.uq.edu.au/information-and-services/manage-my-program/fees-payments-and-refunds/fees-international-students
University of Queensland (UQ),master,AU,Brisbane,foreign_university,23,24,1393344,58056,AUD,"อัตรา international coursework; (domestic Commonwealth-supported ~9,537/ปี)",2026,https://my.uq.edu.au/information-and-services/manage-my-program/fees-payments-and-refunds/fees-international-students
University of Western Australia (UWA),bachelor,AU,Perth,foreign_university,19,22,1108800,46200,AUD,"อัตรา international Science/Engineering; (domestic Commonwealth-supported ~9,537/ปี)",2026,https://www.uwa.edu.au/study/scholarships-and-fees/international-student-fees
University of Western Australia (UWA),master,AU,Perth,foreign_university,23,24,1092000,45500,AUD,"อัตรา international Science; (domestic Commonwealth-supported ~9,537/ปี)",2026,https://www.uwa.edu.au/study/scholarships-and-fees/international-student-fees
University of Adelaide,bachelor,AU,Adelaide,foreign_university,19,22,1080000,45000,AUD,"อัตรา international undergraduate (ทั่วไป); (domestic Commonwealth-supported ~9,537/ปี)",2026,https://international.adelaide.edu.au/admissions/university-fees
University of Adelaide,master,AU,Adelaide,foreign_university,23,24,1164000,48500,AUD,"อัตรา international postgraduate coursework; (domestic Commonwealth-supported ~9,537/ปี)",2026,https://international.adelaide.edu.au/admissions/university-fees
University of Technology Sydney (UTS),bachelor,AU,Sydney,foreign_university,19,22,1314480,54770,AUD,"อัตรา international Engineering/Computer Science; (domestic Commonwealth-supported ~9,537/ปี)",2026,https://www.uts.edu.au/for-students/admissions-entry/fees-costs/international-fees
University of Technology Sydney (UTS),master,AU,Sydney,foreign_university,23,24,1211184,50466,AUD,"อัตรา international IT/coursework; (domestic Commonwealth-supported ~9,537/ปี)",2026,https://www.uts.edu.au/for-students/admissions-entry/fees-costs/international-fees
Macquarie University,bachelor,AU,Sydney,foreign_university,19,22,1125600,46900,AUD,"อัตรา international Engineering/Commerce; (domestic Commonwealth-supported ~9,537/ปี)",2026,https://www.mq.edu.au/study/admissions-and-entry/fees-and-costs/international
Macquarie University,master,AU,Sydney,foreign_university,23,24,1156800,48200,AUD,"อัตรา international Data Science/coursework; (domestic Commonwealth-supported ~9,537/ปี)",2026,https://www.mq.edu.au/study/admissions-and-entry/fees-and-costs/international
RMIT University,bachelor,AU,Melbourne,foreign_university,19,22,1036800,43200,AUD,"อัตรา international Computer Science/IT; (domestic Commonwealth-supported ~9,537/ปี)",2026,https://www.rmit.edu.au/study-with-us/international-students/apply-to-rmit-international-students/fees-for-international-students
RMIT University,master,AU,Melbourne,foreign_university,23,24,1059840,44160,AUD,"อัตรา international IT/coursework; (domestic Commonwealth-supported ~9,537/ปี)",2026,https://www.rmit.edu.au/study-with-us/international-students/apply-to-rmit-international-students/fees-for-international-students
Deakin University,bachelor,AU,Melbourne,foreign_university,19,22,1046400,43600,AUD,"อัตรา international Business; (domestic Commonwealth-supported ~17,399/ปี)",2026,https://www.deakin.edu.au/students/enrolment-and-fees/fees/international-students/international-student-fees
Deakin University,master,AU,Melbourne,foreign_university,23,24,1008000,42000,AUD,"อัตรา international coursework; (domestic Commonwealth-supported ~17,399/ปี)",2026,https://www.deakin.edu.au/students/enrolment-and-fees/fees/international-students/international-student-fees
Queensland University of Technology (QUT),bachelor,AU,Brisbane,foreign_university,19,22,1080000,45000,AUD,"อัตรา international Business; (domestic Commonwealth-supported ~17,399/ปี)",2026,https://www.qut.edu.au/study/fees-and-scholarships
Queensland University of Technology (QUT),master,AU,Brisbane,foreign_university,23,24,1152000,48000,AUD,"อัตรา international coursework; (domestic Commonwealth-supported ~17,399/ปี)",2026,https://www.qut.edu.au/study/fees-and-scholarships/understand-your-fees
Curtin University,bachelor,AU,Perth,foreign_university,19,22,967200,40300,AUD,"อัตรา international Engineering/Science; (domestic Commonwealth-supported ~9,537/ปี)",2026,https://www.curtin.edu.au/students/essentials/fees/understanding-your-fees/tuition-fees/
Curtin University,master,AU,Perth,foreign_university,23,24,924000,38500,AUD,"อัตรา international coursework; (domestic Commonwealth-supported ~9,537/ปี)",2026,https://www.curtin.edu.au/students/essentials/fees/understanding-your-fees/tuition-fees/
Griffith University,bachelor,AU,Brisbane,foreign_university,19,22,972000,40500,AUD,"อัตรา international Science/IT; (domestic Commonwealth-supported ~9,537/ปี)",2026,https://www.griffith.edu.au/apply/international/fees
Griffith University,master,AU,Brisbane,foreign_university,23,24,1044000,43500,AUD,"อัตรา international IT/coursework; (domestic Commonwealth-supported ~9,537/ปี)",2026,https://www.griffith.edu.au/apply/international/fees
La Trobe University,bachelor,AU,Melbourne,foreign_university,19,22,1032000,43000,AUD,"อัตรา international Business/Commerce; (domestic Commonwealth-supported ~17,399/ปี)",2026,https://www.latrobe.edu.au/international/applying/fees
La Trobe University,master,AU,Melbourne,foreign_university,23,24,1051200,43800,AUD,"อัตรา international coursework; (domestic Commonwealth-supported ~17,399/ปี)",2026,https://www.latrobe.edu.au/international/applying/fees
University of Wollongong (UOW),bachelor,AU,Wollongong,foreign_university,19,22,1027584,42816,AUD,"อัตรา international Computer Science/Engineering; (domestic Commonwealth-supported ~9,537/ปี)",2026,https://www.uow.edu.au/student/finances/international/
University of Wollongong (UOW),master,AU,Wollongong,foreign_university,23,24,960000,40000,AUD,"อัตรา international coursework; (domestic Commonwealth-supported ~9,537/ปี)",2026,https://www.uow.edu.au/student/finances/international/
University of Newcastle,bachelor,AU,Newcastle,foreign_university,19,22,1054560,43940,AUD,"อัตรา international IT/Science; (domestic Commonwealth-supported ~9,537/ปี)",2026,https://www.newcastle.edu.au/study/international/fees-and-scholarships
University of Newcastle,master,AU,Newcastle,foreign_university,23,24,1008000,42000,AUD,"อัตรา international coursework; (domestic Commonwealth-supported ~9,537/ปี)",2026,https://www.newcastle.edu.au/study/international/fees-and-scholarships
University of Tasmania (UTAS),bachelor,AU,Hobart,foreign_university,19,22,918000,38250,AUD,"อัตรา international undergraduate (ทั่วไป); (domestic Commonwealth-supported ~9,537/ปี)",2026,https://www.utas.edu.au/study/scholarships-fees-and-costs
University of Tasmania (UTAS),master,AU,Hobart,foreign_university,23,24,960000,40000,AUD,"อัตรา international coursework; (domestic Commonwealth-supported ~9,537/ปี)",2026,https://www.utas.edu.au/study/scholarships-fees-and-costs
Murdoch University,bachelor,AU,Perth,foreign_university,19,22,1007760,41990,AUD,"อัตรา international Science/Engineering; (domestic Commonwealth-supported ~9,537/ปี)",2026,https://www.murdoch.edu.au/study/fees/course-fees
Murdoch University,master,AU,Perth,foreign_university,23,24,952320,39680,AUD,"อัตรา international coursework; (domestic Commonwealth-supported ~9,537/ปี)",2026,https://www.murdoch.edu.au/study/fees/course-fees
Triam Udom Suksa (เตรียมอุดมศึกษา),high_school,TH,กรุงเทพมหานคร,government,16,18,5000,5000,THB,ค่าบำรุงการศึกษาต่ำตามมาตรฐานรัฐ,2024,https://www.triamudom.ac.th/
Suankularb Wittayalai (สวนกุหลาบ),middle_school,TH,กรุงเทพมหานคร,government,13,15,25000,25000,THB,"12,500/ภาคการศึกษา x 2 = 25,000/ปี",2024,https://www.vamtutor.com/ห้องเรียนพิเศษโรงเรียน/
Suankularb Wittayalai (สวนกุหลาบ),high_school,TH,กรุงเทพมหานคร,government,16,18,25000,25000,THB,"12,500/ภาคการศึกษา x 2",2024,https://www.vamtutor.com/ห้องเรียนพิเศษโรงเรียน/
Suankularb Wittayalai (สวนกุหลาบ EP),middle_school,TH,กรุงเทพมหานคร,government,13,15,70000,70000,THB,โครงการ EP/Gifted,2024,https://www.sk.ac.th/
Suankularb Wittayalai (สวนกุหลาบ EP),high_school,TH,กรุงเทพมหานคร,government,16,18,70000,70000,THB,โครงการ EP/Gifted ม.ปลาย,2024,https://www.sk.ac.th/
Samsen Wittayalai (สามเสนวิทยาลัย),middle_school,TH,กรุงเทพมหานคร,government,13,15,25000,25000,THB,ห้องเรียนปกติ ม.ต้น,2024,https://www.samsenwit.ac.th/
Samsen Wittayalai (สามเสนวิทยาลัย),high_school,TH,กรุงเทพมหานคร,government,16,18,25000,25000,THB,ห้องเรียนปกติ ม.ปลาย,2024,https://www.samsenwit.ac.th/
Samsen Wittayalai (สามเสน Gifted/EP),middle_school,TH,กรุงเทพมหานคร,government,13,15,70000,70000,THB,โครงการพิเศษ,2024,https://www.samsenwit.ac.th/
Samsen Wittayalai (สามเสน Gifted/EP),high_school,TH,กรุงเทพมหานคร,government,16,18,70000,70000,THB,โครงการพิเศษ ม.ปลาย,2024,https://www.samsenwit.ac.th/
Bodindecha (บดินทรเดชา),middle_school,TH,กรุงเทพมหานคร,government,13,15,12000,12000,THB,ห้องเรียนปกติ,2024,https://www.bodin.ac.th/
Bodindecha (บดินทรเดชา),high_school,TH,กรุงเทพมหานคร,government,16,18,12000,12000,THB,ห้องเรียนปกติ ม.ปลาย,2024,https://www.bodin.ac.th/
Bodindecha (บดินทรเดชา Gifted/EP),middle_school,TH,กรุงเทพมหานคร,government,13,15,60000,60000,THB,Gifted/EP,2024,https://www.bodin.ac.th/
Bodindecha (บดินทรเดชา Gifted/EP),high_school,TH,กรุงเทพมหานคร,government,16,18,60000,60000,THB,Gifted/EP ม.ปลาย,2024,https://www.bodin.ac.th/
Debsirin (เทพศิรินทร์),middle_school,TH,กรุงเทพมหานคร,government,13,15,10000,10000,THB,ห้องเรียนปกติ ม.ต้น,2024,https://www.debsirin.ac.th/
Debsirin (เทพศิรินทร์),high_school,TH,กรุงเทพมหานคร,government,16,18,12000,12000,THB,ห้องเรียนปกติ ม.ปลาย,2024,https://www.debsirin.ac.th/
Yothinburana (โยธินบูรณะ),middle_school,TH,กรุงเทพมหานคร,government,13,15,12000,12000,THB,ห้องเรียนปกติ,2024,https://www.yothinburana.ac.th/
Yothinburana (โยธินบูรณะ),high_school,TH,กรุงเทพมหานคร,government,16,18,12000,12000,THB,ห้องเรียนปกติ ม.ปลาย,2024,https://www.yothinburana.ac.th/
Horwang (หอวัง),middle_school,TH,กรุงเทพมหานคร,government,13,15,14000,14000,THB,ห้องเรียนปกติ,2024,https://www.horwang.ac.th/
Horwang (หอวัง),high_school,TH,กรุงเทพมหานคร,government,16,18,16000,16000,THB,ห้องเรียนปกติ ม.ปลาย,2024,https://www.horwang.ac.th/
Satri Wittaya (สตรีวิทยา),middle_school,TH,กรุงเทพมหานคร,government,13,15,12000,12000,THB,ห้องเรียนปกติ หญิงล้วน,2024,https://www.satriwit.ac.th/
Satri Wittaya (สตรีวิทยา),high_school,TH,กรุงเทพมหานคร,government,16,18,14000,14000,THB,ห้องเรียนปกติ ม.ปลาย,2024,https://www.satriwit.ac.th/
Mahidol Wittayanusorn (MWIT),high_school,TH,นครปฐม,government,16,18,12000,12000,THB,โรงเรียนวิทย์ฯ ทุนรัฐสนับสนุน,2024,https://www.mwit.ac.th/
KVIS Kamnoetvidya Science Academy,high_school,TH,ระยอง,private,16,18,0,0,THB,โรงเรียนวิทย์ ปตท. ทุน 100%,2024,https://www.kvis.ac.th/
สาธิตจุฬาฯ (ฝ่ายประถม),elementary,TH,กรุงเทพมหานคร,government,7,12,50000,50000,THB,สาธิตจุฬา ฝ่ายประถม,2024,https://www.satite.chula.ac.th/อัตราและข้อกำหนดเกี่ยว/
สาธิตจุฬาฯ (ฝ่ายมัธยม),middle_school,TH,กรุงเทพมหานคร,government,13,15,60000,60000,THB,สาธิตจุฬา ฝ่ายมัธยม ม.ต้น,2024,https://www.satitm.chula.ac.th/
สาธิตจุฬาฯ (ฝ่ายมัธยม),high_school,TH,กรุงเทพมหานคร,government,16,18,60000,60000,THB,สาธิตจุฬา ฝ่ายมัธยม ม.ปลาย,2024,https://www.satitm.chula.ac.th/
สาธิตเกษตร (KUS ภาคไทย),elementary,TH,กรุงเทพมหานคร,government,7,12,40000,40000,THB,"ภาคไทย ป.1-6 ~40,000/ปี",2024,https://th.theasianparent.com/school-price-list
สาธิตเกษตร (KUS ภาคไทย),middle_school,TH,กรุงเทพมหานคร,government,13,15,45000,45000,THB,ภาคไทย ม.ต้น,2024,https://www.kus.ku.ac.th/
สาธิตเกษตร (KUS ภาคไทย),high_school,TH,กรุงเทพมหานคร,government,16,18,50000,50000,THB,ภาคไทย ม.ปลาย,2024,https://www.kus.ku.ac.th/
สาธิตเกษตร (KUS โครงการ EPTS/นานาชาติ),kindergarten,TH,กรุงเทพมหานคร,government,4,6,406500,406500,THB,โครงการนานาชาติ อนุบาล,2024,https://www.thaipbs.or.th/news/content/285913
สาธิตเกษตร (KUS โครงการ EPTS/นานาชาติ),elementary,TH,กรุงเทพมหานคร,government,7,12,446500,446500,THB,โครงการนานาชาติ ประถม,2024,https://www.thaipbs.or.th/news/content/285913
สาธิตเกษตร (KUS โครงการ EPTS/นานาชาติ),middle_school,TH,กรุงเทพมหานคร,government,13,15,466500,466500,THB,โครงการนานาชาติ ม.ต้น,2024,https://www.thaipbs.or.th/news/content/285913
สาธิตเกษตร (KUS โครงการ EPTS/นานาชาติ),high_school,TH,กรุงเทพมหานคร,government,16,18,486500,486500,THB,โครงการนานาชาติ ม.ปลาย,2024,https://www.thaipbs.or.th/news/content/285913
สาธิตปทุมวัน,middle_school,TH,กรุงเทพมหานคร,government,13,15,24000,24000,THB,"ค่าบำรุงการศึกษา ม.ต้น ~12,000/ภาคการศึกษา x 2",2025,https://www.satitpatumwan.ac.th/payment-2-3-5-6
สาธิตปทุมวัน,high_school,TH,กรุงเทพมหานคร,government,16,18,24000,24000,THB,ค่าบำรุงการศึกษา ม.ปลาย,2025,https://www.satitpatumwan.ac.th/payment-2-3-5-6
สาธิต มศว ประสานมิตร (ประถม),elementary,TH,กรุงเทพมหานคร,government,7,12,30000,30000,THB,ฝ่ายประถม,2024,http://prathom.swu.ac.th/
สาธิต มศว ประสานมิตร (มัธยม),middle_school,TH,กรุงเทพมหานคร,government,13,15,40000,40000,THB,ฝ่ายมัธยม ม.ต้น,2024,http://satit.swu.ac.th/
สาธิต มศว ประสานมิตร (มัธยม),high_school,TH,กรุงเทพมหานคร,government,16,18,45000,45000,THB,ฝ่ายมัธยม ม.ปลาย,2024,http://satit.swu.ac.th/
สาธิตรามคำแหง,middle_school,TH,กรุงเทพมหานคร,government,13,15,35000,35000,THB,ม.ต้น,2024,https://www.satit.ru.ac.th/
สาธิตรามคำแหง,high_school,TH,กรุงเทพมหานคร,government,16,18,40000,40000,THB,ม.ปลาย,2024,https://www.satit.ru.ac.th/
สาธิตศิลปากร,elementary,TH,นครปฐม,government,7,12,25000,25000,THB,ฝ่ายประถม,2024,https://www.demo.su.ac.th/
สาธิตศิลปากร,middle_school,TH,นครปฐม,government,13,15,30000,30000,THB,ม.ต้น,2024,https://www.demo.su.ac.th/
สาธิตศิลปากร,high_school,TH,นครปฐม,government,16,18,35000,35000,THB,ม.ปลาย,2024,https://www.demo.su.ac.th/
สาธิตพัฒนา,kindergarten,TH,กรุงเทพมหานคร,private,4,6,130000,130000,THB,"อนุบาล ~65,000/ภาคการศึกษา x 2",2024,https://th.theasianparent.com/school-price-list
สาธิตพัฒนา,elementary,TH,กรุงเทพมหานคร,private,7,12,139000,139000,THB,"ป.1 69,500 บาท/ภาคการศึกษา x 2",2024,https://th.theasianparent.com/school-price-list
สาธิตพัฒนา,middle_school,TH,กรุงเทพมหานคร,private,13,15,150000,150000,THB,ม.ต้น,2024,https://www.satitpattana.ac.th/
สาธิตพัฒนา,high_school,TH,กรุงเทพมหานคร,private,16,18,160000,160000,THB,ม.ปลาย,2024,https://www.satitpattana.ac.th/
Mater Dei (มาแตร์เดอี),kindergarten,TH,กรุงเทพมหานคร,private,4,6,130000,130000,THB,"อนุบาล อ.1-อ.3 ~130,000/ปี (คอนเฟิร์มผู้ปกครอง+สอดคล้อง premium ของ ป.1)",2024,https://th.theasianparent.com/school-price-list
Mater Dei (มาแตร์เดอี),elementary,TH,กรุงเทพมหานคร,private,7,12,160000,160000,THB,"ป.1 = 160,000+ บาท/ปี",2024,https://th.theasianparent.com/school-price-list
Mater Dei (มาแตร์เดอี),middle_school,TH,กรุงเทพมหานคร,private,13,15,120000,120000,THB,"ม.ต้น ห้องเรียนปกติ ~60,000/ภาคการศึกษา x 2",2024,https://www.chulatutor.com/blog/materdei/
Mater Dei (มาแตร์เดอี),high_school,TH,กรุงเทพมหานคร,private,16,18,140000,140000,THB,"ม.ปลาย ศิลป์-คำนวณ 67k/ภาคการศึกษา, ดนตรี 75k/ภาคการศึกษา",2024,https://www.chulatutor.com/blog/materdei/
Assumption College (อัสสัมชัญบางรัก สามัญ),elementary,TH,กรุงเทพมหานคร,private,7,12,60000,60000,THB,สามัญ ป.1-6,2024,https://www.assumption.ac.th/admissions.html
Assumption College (อัสสัมชัญบางรัก สามัญ),middle_school,TH,กรุงเทพมหานคร,private,13,15,80000,80000,THB,สามัญ ม.ต้น,2024,https://www.assumption.ac.th/admissions.html
Assumption College (อัสสัมชัญบางรัก สามัญ),high_school,TH,กรุงเทพมหานคร,private,16,18,90000,90000,THB,สามัญ ม.ปลาย,2024,https://www.assumption.ac.th/admissions.html
Assumption College (อัสสัมชัญบางรัก EP/SMEP),elementary,TH,กรุงเทพมหานคร,private,7,12,180000,180000,THB,EP/SMEP โครงการ English ป.,2024,https://www.assumption.ac.th/admissions.html
Assumption College (อัสสัมชัญบางรัก EP/SMEP),middle_school,TH,กรุงเทพมหานคร,private,13,15,180000,180000,THB,EP/SMEP ม.ต้น,2024,https://www.assumption.ac.th/admissions.html
Assumption College (อัสสัมชัญบางรัก EP/SMEP),high_school,TH,กรุงเทพมหานคร,private,16,18,200000,200000,THB,EP/SMEP ม.ปลาย,2024,https://www.assumption.ac.th/admissions.html
Assumption Samutprakarn ACSP (สามัญ),kindergarten,TH,สมุทรปราการ,private,4,6,55000,55000,THB,สามัญ อนุบาล,2024,https://www.acsp.ac.th/
Assumption Samutprakarn ACSP (สามัญ),elementary,TH,สมุทรปราการ,private,7,12,65000,65000,THB,สามัญ ประถม,2024,https://www.acsp.ac.th/
Assumption Samutprakarn ACSP (สามัญ),middle_school,TH,สมุทรปราการ,private,13,15,75000,75000,THB,สามัญ ม.ต้น,2024,https://www.acsp.ac.th/
Assumption Samutprakarn ACSP (สามัญ),high_school,TH,สมุทรปราการ,private,16,18,85000,85000,THB,สามัญ ม.ปลาย,2024,https://www.acsp.ac.th/
Assumption Samutprakarn ACSP (EP),elementary,TH,สมุทรปราการ,private,7,12,180000,180000,THB,EP ป.,2024,https://www.acsp.ac.th/
Assumption Samutprakarn ACSP (EP),middle_school,TH,สมุทรปราการ,private,13,15,200000,200000,THB,EP ม.ต้น,2024,https://www.acsp.ac.th/
Assumption Samutprakarn ACSP (EP),high_school,TH,สมุทรปราการ,private,16,18,220000,220000,THB,EP ม.ปลาย,2024,https://www.acsp.ac.th/
St. Gabriel's College (เซนต์คาเบรียล),elementary,TH,กรุงเทพมหานคร,private,7,12,90000,90000,THB,"ป.1-6 ~45,000/ภาคการศึกษา x 2",2024,https://th.theasianparent.com/school-price-list
St. Gabriel's College (เซนต์คาเบรียล),middle_school,TH,กรุงเทพมหานคร,private,13,15,100000,100000,THB,"ม.1-3 ~50,000/ภาคการศึกษา x 2",2024,https://th.theasianparent.com/school-price-list
St. Gabriel's College (เซนต์คาเบรียล),high_school,TH,กรุงเทพมหานคร,private,16,18,110000,110000,THB,"ม.4-6 ~55,000/ภาคการศึกษา x 2",2024,https://th.theasianparent.com/school-price-list
St. Joseph Convent (เซนต์โยเซฟ),kindergarten,TH,กรุงเทพมหานคร,private,4,6,60000,60000,THB,หญิงล้วน อนุบาล,2024,https://www.sjc.ac.th/
St. Joseph Convent (เซนต์โยเซฟ),elementary,TH,กรุงเทพมหานคร,private,7,12,70000,70000,THB,"ป.1 = 70,000/ปี",2024,https://th.theasianparent.com/school-price-list
St. Joseph Convent (เซนต์โยเซฟ),middle_school,TH,กรุงเทพมหานคร,private,13,15,80000,80000,THB,ม.ต้น,2024,https://www.sjc.ac.th/
St. Joseph Convent (เซนต์โยเซฟ),high_school,TH,กรุงเทพมหานคร,private,16,18,85000,85000,THB,ม.ปลาย,2024,https://www.sjc.ac.th/
Sacred Heart Convent / อัสสัมชัญคอนแวนต์ สีลม,elementary,TH,กรุงเทพมหานคร,private,7,12,80000,80000,THB,"ป.1 = 80,000/ปี",2024,https://th.theasianparent.com/school-price-list
Sacred Heart Convent / อัสสัมชัญคอนแวนต์ สีลม,middle_school,TH,กรุงเทพมหานคร,private,13,15,95000,95000,THB,ม.ต้น,2024,https://th.theasianparent.com/school-price-list
Sacred Heart Convent / อัสสัมชัญคอนแวนต์ สีลม,high_school,TH,กรุงเทพมหานคร,private,16,18,105000,105000,THB,ม.ปลาย,2024,https://th.theasianparent.com/school-price-list
Rajini School (ราชินี),kindergarten,TH,กรุงเทพมหานคร,private,4,6,50000,50000,THB,"หญิงล้วน อนุบาล ~25,000/ภาคการศึกษา x 2",2024,https://th.theasianparent.com/school-price-list
Rajini School (ราชินี),elementary,TH,กรุงเทพมหานคร,private,7,12,56000,56000,THB,"ป.1 28,000/ภาคการศึกษา x 2",2024,https://th.theasianparent.com/school-price-list
Rajini School (ราชินี),middle_school,TH,กรุงเทพมหานคร,private,13,15,60000,60000,THB,"ม.ต้น ~30,000/ภาคการศึกษา x 2",2024,https://th.theasianparent.com/school-price-list
Rajini School (ราชินี),high_school,TH,กรุงเทพมหานคร,private,16,18,64000,64000,THB,ม.ปลาย,2024,https://th.theasianparent.com/school-price-list
St. Dominic (เซนต์ดอมินิก),elementary,TH,กรุงเทพมหานคร,private,7,12,113400,113400,THB,"ป.1 56,700/ภาคการศึกษา x 2 = 113,400/ปี",2024,https://th.theasianparent.com/school-price-list
St. Dominic (เซนต์ดอมินิก),middle_school,TH,กรุงเทพมหานคร,private,13,15,120000,120000,THB,"ม.ต้น ~60,000/ภาคการศึกษา x 2",2024,https://th.theasianparent.com/school-price-list
St. Dominic (เซนต์ดอมินิก),high_school,TH,กรุงเทพมหานคร,private,16,18,130000,130000,THB,"ม.ปลาย ~65,000/ภาคการศึกษา x 2",2024,https://th.theasianparent.com/school-price-list
Bangkok Christian College BCC (สามัญ),elementary,TH,กรุงเทพมหานคร,private,7,12,37000,37000,THB,ป.1 40K / ป.2 38K / ป.3-4 37K / ป.5-6 36K (Thairath),2024,https://www.thairath.co.th/lifestyle/mom-and-kids/2703943
Bangkok Christian College BCC (สามัญ),middle_school,TH,กรุงเทพมหานคร,private,13,15,38000,38000,THB,"ม.1-3 19,000/ภาคการศึกษา x 2 (Thairath)",2024,https://www.thairath.co.th/lifestyle/mom-and-kids/2703943
Bangkok Christian College BCC (สามัญ),high_school,TH,กรุงเทพมหานคร,private,16,18,38000,38000,THB,"ม.4-6 19,000/ภาคการศึกษา x 2 (Thairath)",2024,https://www.thairath.co.th/lifestyle/mom-and-kids/2703943
Bangkok Christian College BCC (EP),elementary,TH,กรุงเทพมหานคร,private,7,12,257000,257000,THB,EP ป.1 275K / ป.6 246K,2024,https://www.thairath.co.th/lifestyle/mom-and-kids/2703943
Bangkok Christian College BCC (EP),middle_school,TH,กรุงเทพมหานคร,private,13,15,247000,247000,THB,"EP ม.1 246,950 (Thairath)",2024,https://www.thairath.co.th/lifestyle/mom-and-kids/2703943
Bangkok Christian College BCC (EP),high_school,TH,กรุงเทพมหานคร,private,16,18,228000,228000,THB,EP ม.4 234K / ม.5 220K / ม.6 229K,2024,https://www.thairath.co.th/lifestyle/mom-and-kids/2703943
Sarasas Ektra (สารสาส์นเอกตรา),kindergarten,TH,กรุงเทพมหานคร,private,4,6,70000,70000,THB,"อนุบาล ~35,000/ภาคการศึกษา x 2",2024,https://www.ektra.ac.th/
Sarasas Ektra (สารสาส์นเอกตรา),elementary,TH,กรุงเทพมหานคร,private,7,12,82000,82000,THB,"ป.1 41,000/ภาคการศึกษา x 2",2024,https://th.theasianparent.com/school-price-list
Sarasas Ektra (สารสาส์นเอกตรา),middle_school,TH,กรุงเทพมหานคร,private,13,15,95000,95000,THB,ม.ต้น,2024,https://www.ektra.ac.th/
Sarasas Ektra (สารสาส์นเอกตรา),high_school,TH,กรุงเทพมหานคร,private,16,18,110000,110000,THB,ม.ปลาย,2024,https://www.ektra.ac.th/
Vajiravudh College (วชิราวุธวิทยาลัย),elementary,TH,กรุงเทพมหานคร,private,8,12,220000,220000,THB,ประจำชายล้วน รวมที่พัก,2024,https://www.vajiravudh.ac.th/
Vajiravudh College (วชิราวุธวิทยาลัย),middle_school,TH,กรุงเทพมหานคร,private,13,15,240000,240000,THB,ประจำ ม.ต้น,2024,https://www.vajiravudh.ac.th/
Vajiravudh College (วชิราวุธวิทยาลัย),high_school,TH,กรุงเทพมหานคร,private,16,18,260000,260000,THB,ประจำ ม.ปลาย,2024,https://www.vajiravudh.ac.th/
ISB - International School Bangkok,kindergarten,TH,นนทบุรี,international,4,6,730000,730000,THB,Pre-K/KG; 2025/26,2025,https://www.isb.ac.th/admissions/tuition-fees
ISB - International School Bangkok,elementary,TH,นนทบุรี,international,7,12,985000,985000,THB,G1-G5; 2025/26,2025,https://www.isb.ac.th/admissions/tuition-fees
ISB - International School Bangkok,middle_school,TH,นนทบุรี,international,13,15,1085000,1085000,THB,G6-G8; 2025/26,2025,https://www.isb.ac.th/admissions/tuition-fees
ISB - International School Bangkok,high_school,TH,นนทบุรี,international,16,18,1175000,1175000,THB,G9-G12 IB; 2025/26,2025,https://www.isb.ac.th/admissions/tuition-fees
NIST International School,kindergarten,TH,กรุงเทพมหานคร,international,4,6,670000,670000,THB,Early Years; 2024/25,2024,https://th.theasianparent.com/school-price-list
NIST International School,elementary,TH,กรุงเทพมหานคร,international,7,12,762400,762400,THB,Primary Y1-Y6,2024,https://th.theasianparent.com/school-price-list
NIST International School,middle_school,TH,กรุงเทพมหานคร,international,13,15,870000,870000,THB,MYP Y7-Y9,2024,https://th.theasianparent.com/school-price-list
NIST International School,high_school,TH,กรุงเทพมหานคร,international,16,18,950000,950000,THB,IB Diploma Y11-Y12,2024,https://th.theasianparent.com/school-price-list
Bangkok Patana School,kindergarten,TH,กรุงเทพมหานคร,international,4,6,615000,615000,THB,"FS2 ~615,000/ปี; doris.school 2025/26",2025,https://www.doris.school/schools/thailand/bangkok-patana-school/fees
Bangkok Patana School,elementary,TH,กรุงเทพมหานคร,international,7,12,765000,765000,THB,Y2-Y5 720k-765k,2025,https://www.doris.school/schools/thailand/bangkok-patana-school/fees
Bangkok Patana School,middle_school,TH,กรุงเทพมหานคร,international,13,15,810000,810000,THB,"Y7-Y9 = 810,000/ปี",2025,https://www.doris.school/schools/thailand/bangkok-patana-school/fees
Bangkok Patana School,high_school,TH,กรุงเทพมหานคร,international,16,18,920000,920000,THB,"Y10 920k, Y12 975k",2025,https://www.doris.school/schools/thailand/bangkok-patana-school/fees
Harrow International School Bangkok,kindergarten,TH,กรุงเทพมหานคร,international,4,6,717900,717900,THB,"Nursery Full Day ~717,900/ปี; 2025/26",2025,https://www.harrowschool.ac.th/admissions/tuition-fees
Harrow International School Bangkok,elementary,TH,กรุงเทพมหานคร,international,7,12,852600,852600,THB,"Year 1-5 = 852,600/ปี",2025,https://www.harrowschool.ac.th/admissions/tuition-fees
Harrow International School Bangkok,middle_school,TH,กรุงเทพมหานคร,international,13,15,933900,933900,THB,"Year 6-8 = 933,900/ปี",2025,https://www.harrowschool.ac.th/admissions/tuition-fees
Harrow International School Bangkok,high_school,TH,กรุงเทพมหานคร,international,16,18,1037100,1037100,THB,"Year 12-13 = 1,037,100/ปี",2025,https://www.harrowschool.ac.th/admissions/tuition-fees
Shrewsbury International School Bangkok,kindergarten,TH,กรุงเทพมหานคร,international,4,6,728700,728700,THB,"KG1-KG2 691,800-728,700",2025,https://www.international-schools-database.com/in/bangkok/shrewsbury-international-school-bangkok/fees
Shrewsbury International School Bangkok,elementary,TH,กรุงเทพมหานคร,international,7,12,878100,878100,THB,G1-G6 median 878k,2025,https://www.international-schools-database.com/in/bangkok/shrewsbury-international-school-bangkok/fees
Shrewsbury International School Bangkok,middle_school,TH,กรุงเทพมหานคร,international,13,15,939300,939300,THB,"G7-G9 = 939,300/ปี",2025,https://www.international-schools-database.com/in/bangkok/shrewsbury-international-school-bangkok/fees
Shrewsbury International School Bangkok,high_school,TH,กรุงเทพมหานคร,international,16,18,1208400,1208400,THB,"G11 peak = 1,208,400/ปี",2025,https://www.international-schools-database.com/in/bangkok/shrewsbury-international-school-bangkok/fees
Wellington College Bangkok,kindergarten,TH,กรุงเทพมหานคร,international,4,6,735500,735500,THB,KG1 676k-KG3 856k,2025,https://www.doris.school/schools/thailand/wellington-college-international-school-bangkok/fees
Wellington College Bangkok,elementary,TH,กรุงเทพมหานคร,international,7,12,885000,885000,THB,Y1-Y6 median 885k,2025,https://www.doris.school/schools/thailand/wellington-college-international-school-bangkok/fees
Wellington College Bangkok,middle_school,TH,กรุงเทพมหานคร,international,13,15,948600,948600,THB,"Y7-Y9 = 948,600/ปี",2025,https://www.doris.school/schools/thailand/wellington-college-international-school-bangkok/fees
Wellington College Bangkok,high_school,TH,กรุงเทพมหานคร,international,16,18,1198200,1198200,THB,"Y12 = 1,198,200/ปี",2025,https://www.doris.school/schools/thailand/wellington-college-international-school-bangkok/fees
Brighton College Bangkok,kindergarten,TH,กรุงเทพมหานคร,international,4,6,711000,711000,THB,Nursery 669k-Reception 711k,2025,https://brightoncollege.ac.th/assets/files/uploads/bcb-tuition-fee-2025.pdf
Brighton College Bangkok,elementary,TH,กรุงเทพมหานคร,international,7,12,854500,854500,THB,Y2-Y6 median 854k,2025,https://brightoncollege.ac.th/assets/files/uploads/bcb-tuition-fee-2025.pdf
Brighton College Bangkok,middle_school,TH,กรุงเทพมหานคร,international,13,15,920100,920100,THB,"Y8-Y9 = 920,100/ปี",2025,https://brightoncollege.ac.th/assets/files/uploads/bcb-tuition-fee-2025.pdf
Brighton College Bangkok,high_school,TH,กรุงเทพมหานคร,international,16,18,1021800,1021800,THB,"Y12-Y13 = 1,021,800/ปี",2025,https://brightoncollege.ac.th/assets/files/uploads/bcb-tuition-fee-2025.pdf
Regent's International School Bangkok,kindergarten,TH,กรุงเทพมหานคร,international,4,6,500000,500000,THB,Early Years,2024,https://th.theasianparent.com/school-price-list
Regent's International School Bangkok,elementary,TH,กรุงเทพมหานคร,international,7,12,592500,592500,THB,"Primary = 592,500/ปี",2024,https://th.theasianparent.com/school-price-list
Regent's International School Bangkok,middle_school,TH,กรุงเทพมหานคร,international,13,15,680000,680000,THB,Secondary,2024,https://th.theasianparent.com/school-price-list
Regent's International School Bangkok,high_school,TH,กรุงเทพมหานคร,international,16,18,750000,750000,THB,IB Diploma,2024,https://th.theasianparent.com/school-price-list
Regents International School Pattaya,kindergarten,TH,ชลบุรี,international,4,6,420000,420000,THB,Pattaya boarding option,2024,https://www.regents-pattaya.co.th
Regents International School Pattaya,elementary,TH,ชลบุรี,international,7,12,620000,620000,THB,Primary,2024,https://www.regents-pattaya.co.th
Regents International School Pattaya,middle_school,TH,ชลบุรี,international,13,15,720000,720000,THB,Secondary,2024,https://www.regents-pattaya.co.th
Regents International School Pattaya,high_school,TH,ชลบุรี,international,16,18,820000,820000,THB,Senior + IB,2024,https://www.regents-pattaya.co.th
KIS International School,kindergarten,TH,กรุงเทพมหานคร,international,4,6,550000,550000,THB,Early Years IB,2024,https://th.theasianparent.com/school-price-list
KIS International School,elementary,TH,กรุงเทพมหานคร,international,7,12,690800,690800,THB,"Primary PYP = 690,800/ปี",2024,https://th.theasianparent.com/school-price-list
KIS International School,middle_school,TH,กรุงเทพมหานคร,international,13,15,760000,760000,THB,MYP,2024,https://th.theasianparent.com/school-price-list
KIS International School,high_school,TH,กรุงเทพมหานคร,international,16,18,820000,820000,THB,IB Diploma,2024,https://th.theasianparent.com/school-price-list
Concordian International School,kindergarten,TH,สมุทรปราการ,international,4,6,697400,697400,THB,K1 626k-K3 751k; 2025/26,2025,https://www.international-schools-database.com/in/bangkok/concordian-international-school-bangkok/fees
Concordian International School,elementary,TH,สมุทรปราการ,international,7,12,794800,794800,THB,"G1-G5 = 794,800/ปี",2025,https://www.international-schools-database.com/in/bangkok/concordian-international-school-bangkok/fees
Concordian International School,middle_school,TH,สมุทรปราการ,international,13,15,878800,878800,THB,"G7-G8 = 878,800/ปี",2025,https://www.international-schools-database.com/in/bangkok/concordian-international-school-bangkok/fees
Concordian International School,high_school,TH,สมุทรปราการ,international,16,18,964400,964400,THB,"G11-G12 IB DP = 964,400/ปี",2025,https://www.international-schools-database.com/in/bangkok/concordian-international-school-bangkok/fees
Bromsgrove International School Thailand,kindergarten,TH,ปทุมธานี,international,4,6,403440,403440,THB,"Preschool 134,480/term x 3 = ~403k",2025,https://educationdestinationasia.com/school/bromsgrove-international-school-thailand
Bromsgrove International School Thailand,elementary,TH,ปทุมธานี,international,7,12,541380,541380,THB,"Primary 180,460/term x 3 = ~541k",2025,https://educationdestinationasia.com/school/bromsgrove-international-school-thailand
Bromsgrove International School Thailand,middle_school,TH,ปทุมธานี,international,13,15,649710,649710,THB,"Secondary 216,570/term x 3 = ~650k",2025,https://educationdestinationasia.com/school/bromsgrove-international-school-thailand
Bromsgrove International School Thailand,high_school,TH,ปทุมธานี,international,16,18,974565,974565,THB,"Y11-Y13 324,855/term x 3 = ~974k",2025,https://educationdestinationasia.com/school/bromsgrove-international-school-thailand
Rugby School Thailand,kindergarten,TH,ชลบุรี,international,4,6,480000,480000,THB,Pre-Prep,2024,https://th.theasianparent.com/school-price-list
Rugby School Thailand,elementary,TH,ชลบุรี,international,7,12,644000,644000,THB,"Junior = 644,000/ปี",2024,https://th.theasianparent.com/school-price-list
Rugby School Thailand,middle_school,TH,ชลบุรี,international,13,15,750000,750000,THB,Senior School,2024,https://th.theasianparent.com/school-price-list
Rugby School Thailand,high_school,TH,ชลบุรี,international,16,18,900000,900000,THB,Sixth Form A-Level,2024,https://th.theasianparent.com/school-price-list
Berkeley International School,kindergarten,TH,กรุงเทพมหานคร,international,4,6,500000,500000,THB,Early Years,2024,https://th.theasianparent.com/school-price-list
Berkeley International School,elementary,TH,กรุงเทพมหานคร,international,7,12,665357,665357,THB,"Elementary = 665,357/ปี",2024,https://th.theasianparent.com/school-price-list
Berkeley International School,middle_school,TH,กรุงเทพมหานคร,international,13,15,720000,720000,THB,Middle School,2024,https://th.theasianparent.com/school-price-list
Berkeley International School,high_school,TH,กรุงเทพมหานคร,international,16,18,800000,800000,THB,High School,2024,https://th.theasianparent.com/school-price-list
Verso International School,kindergarten,TH,สมุทรปราการ,international,4,6,500000,500000,THB,Early Years,2024,https://th.theasianparent.com/school-price-list
Verso International School,elementary,TH,สมุทรปราการ,international,7,12,600000,600000,THB,"Primary = 600,000/ปี",2024,https://th.theasianparent.com/school-price-list
Verso International School,middle_school,TH,สมุทรปราการ,international,13,15,680000,680000,THB,Middle School,2024,https://th.theasianparent.com/school-price-list
Verso International School,high_school,TH,สมุทรปราการ,international,16,18,750000,750000,THB,High School,2024,https://th.theasianparent.com/school-price-list
Denla British School (DBS),kindergarten,TH,นนทบุรี,international,4,6,600000,600000,THB,Early Years,2024,https://th.theasianparent.com/school-price-list
Denla British School (DBS),elementary,TH,นนทบุรี,international,7,12,774430,774430,THB,"Primary = 774,430/ปี",2024,https://th.theasianparent.com/school-price-list
Denla British School (DBS),middle_school,TH,นนทบุรี,international,13,15,830000,830000,THB,Secondary,2024,https://th.theasianparent.com/school-price-list
Denla British School (DBS),high_school,TH,นนทบุรี,international,16,18,900000,900000,THB,Sixth Form,2024,https://th.theasianparent.com/school-price-list
King's College International School Bangkok,kindergarten,TH,กรุงเทพมหานคร,international,4,6,620000,620000,THB,Early Years,2024,https://th.theasianparent.com/school-price-list
King's College International School Bangkok,elementary,TH,กรุงเทพมหานคร,international,7,12,789000,789000,THB,"Primary = 789,000/ปี",2024,https://th.theasianparent.com/school-price-list
King's College International School Bangkok,middle_school,TH,กรุงเทพมหานคร,international,13,15,850000,850000,THB,Secondary,2024,https://th.theasianparent.com/school-price-list
King's College International School Bangkok,high_school,TH,กรุงเทพมหานคร,international,16,18,950000,950000,THB,Sixth Form A-Level,2024,https://th.theasianparent.com/school-price-list
St. Andrews International School Bangkok,kindergarten,TH,กรุงเทพมหานคร,international,4,6,480000,480000,THB,Early Years,2024,https://th.theasianparent.com/school-price-list
St. Andrews International School Bangkok,elementary,TH,กรุงเทพมหานคร,international,7,12,649500,649500,THB,"Primary = 649,500/ปี",2024,https://th.theasianparent.com/school-price-list
St. Andrews International School Bangkok,middle_school,TH,กรุงเทพมหานคร,international,13,15,720000,720000,THB,Secondary,2024,https://th.theasianparent.com/school-price-list
St. Andrews International School Bangkok,high_school,TH,กรุงเทพมหานคร,international,16,18,780000,780000,THB,IB Sixth Form,2024,https://th.theasianparent.com/school-price-list
SISB (Singapore International School Bangkok),kindergarten,TH,กรุงเทพมหานคร,international,4,6,220000,220000,THB,K1-K2 หลักสูตรสิงคโปร์,2024,https://th.theasianparent.com/school-price-list
SISB (Singapore International School Bangkok),elementary,TH,กรุงเทพมหานคร,international,7,12,260000,260000,THB,Primary หลักสูตรสิงคโปร์,2024,https://th.theasianparent.com/school-price-list
SISB (Singapore International School Bangkok),middle_school,TH,กรุงเทพมหานคร,international,13,15,320000,320000,THB,Lower Secondary,2024,https://th.theasianparent.com/school-price-list
SISB (Singapore International School Bangkok),high_school,TH,กรุงเทพมหานคร,international,16,18,364000,364000,THB,Upper Secondary/IGCSE,2024,https://th.theasianparent.com/school-price-list
Wells International School,kindergarten,TH,กรุงเทพมหานคร,international,4,6,280000,280000,THB,Early Years,2024,https://th.theasianparent.com/school-price-list
Wells International School,elementary,TH,กรุงเทพมหานคร,international,7,12,373200,373200,THB,"Elementary = 373,200/ปี",2024,https://th.theasianparent.com/school-price-list
Wells International School,middle_school,TH,กรุงเทพมหานคร,international,13,15,420000,420000,THB,Middle School,2024,https://th.theasianparent.com/school-price-list
Wells International School,high_school,TH,กรุงเทพมหานคร,international,16,18,480000,480000,THB,High School,2024,https://th.theasianparent.com/school-price-list
US Public Schools (Resident),kindergarten,US,National Average,government,4,6,0,0,USD,Free for US residents,2024,https://nces.ed.gov/programs/coe/indicator/cmd
US Public Schools (Resident),elementary,US,National Average,government,7,12,0,0,USD,Free for US residents,2024,https://nces.ed.gov/programs/coe/indicator/cmd
US Public Schools (Resident),middle_school,US,National Average,government,13,15,0,0,USD,Free for US residents,2024,https://nces.ed.gov/programs/coe/indicator/cmd
US Public Schools (Resident),high_school,US,National Average,government,16,18,0,0,USD,Free for US residents,2024,https://nces.ed.gov/programs/coe/indicator/cmd
US Public Schools (Intl F-1),high_school,US,National Average,government,16,18,437500,12500,USD,F-1 visa 12 mo limit; $8-15k midpoint,2025,https://www.amerigoeducation.com/news/how-much-does-it-cost-to-study-high-school-in-the-usa-for-international-students
US Private Day Schools (NAIS Avg),kindergarten,US,National Average,private,4,6,875000,25000,USD,Lower-school median per NAIS DASL,2024,https://www.nais.org/data-and-research/statistical-tables/facts-at-a-glance
US Private Day Schools (NAIS Avg),elementary,US,National Average,private,7,12,980000,28000,USD,"Below NAIS all-grades median 31,088",2024,https://sais.org/resource/fast-stats-tuition-affordability/
US Private Day Schools (NAIS Avg),middle_school,US,National Average,private,13,15,1120000,32000,USD,Near NAIS median day school,2024,https://sais.org/resource/fast-stats-tuition-affordability/
US Private Day Schools (NAIS Avg),high_school,US,National Average,private,16,18,1225000,35000,USD,Upper-school NAIS median; elite $50k+,2024,https://sais.org/resource/fast-stats-tuition-affordability/
US Private Boarding Schools (TABS Avg),middle_school,US,National Average,private,13,15,2275000,65000,USD,TABS member schools $60-75k,2024,https://www.boardingschools.com/
US Private Boarding Schools (TABS Avg),high_school,US,National Average,private,16,18,2450000,70000,USD,TABS $60-80k tuition + R&B,2024,https://www.boardingschools.com/
UK State Schools (Resident),kindergarten,UK,National Average,government,4,6,0,0,GBP,Reception free; 30hrs free nursery,2024,https://www.gov.uk/help-with-childcare-costs/free-childcare-and-education-for-2-to-4-year-olds
UK State Schools (Resident),elementary,UK,National Average,government,7,12,0,0,GBP,Free for UK residents,2024,https://www.gov.uk/types-of-school
UK State Schools (Resident),middle_school,UK,National Average,government,13,15,0,0,GBP,Free for UK residents,2024,https://www.gov.uk/types-of-school
UK State Schools (Resident),high_school,UK,National Average,government,16,18,0,0,GBP,Free for UK residents,2024,https://www.gov.uk/types-of-school
UK Independent Day Schools (ISC Avg),kindergarten,UK,National Average,private,4,6,552000,12000,GBP,"Pre-prep day GBP 10,000-18,000 inc VAT",2025,https://www.isc.co.uk/media/0u0llqvv/_isc_census_2025_29may25.pdf
UK Independent Day Schools (ISC Avg),elementary,UK,National Average,private,7,12,828000,18000,GBP,"Prep day GBP 14,000-24,000 inc VAT",2025,https://www.isc.co.uk/media/0u0llqvv/_isc_census_2025_29may25.pdf
UK Independent Day Schools (ISC Avg),middle_school,UK,National Average,private,13,15,1012000,22000,GBP,"ISC Census 2025 day avg GBP 22,000/yr",2025,https://www.isc.co.uk/media/0u0llqvv/_isc_census_2025_29may25.pdf
UK Independent Day Schools (ISC Avg),high_school,UK,National Average,private,16,18,1150000,25000,GBP,"Senior day GBP 18,000-32,000",2025,https://www.schoolatlas.co.uk/guides/independent-school-fees
UK Independent Boarding Schools (ISC Avg),elementary,UK,National Average,private,9,12,1380000,30000,GBP,"Prep boarding GBP 25,000-38,000/yr",2025,https://www.schoolatlas.co.uk/guides/independent-school-fees
UK Independent Boarding Schools (ISC Avg),middle_school,UK,National Average,private,13,15,1748000,38000,GBP,"Senior boarding GBP 32,000-48,000",2025,https://www.schoolatlas.co.uk/guides/independent-school-fees
UK Independent Boarding Schools (ISC Avg),high_school,UK,National Average,private,16,18,1955000,42500,GBP,"ISC Census 2025 boarding avg GBP 42,500/yr",2025,https://www.isc.co.uk/media/0u0llqvv/_isc_census_2025_29may25.pdf
Germany Public Schools,kindergarten,DE,National Average,government,4,6,0,0,EUR,Kita fees vary by state; Berlin free,2025,https://www.iamexpat.de/education/primary-secondary-education/german-school-fees
Germany Public Schools,elementary,DE,National Average,government,7,12,0,0,EUR,Grundschule free,2025,https://www.iamexpat.de/education/primary-secondary-education/german-school-fees
Germany Public Schools,middle_school,DE,National Average,government,13,15,0,0,EUR,Gymnasium/Realschule free,2025,https://www.iamexpat.de/education/primary-secondary-education/german-school-fees
Germany Public Schools,high_school,DE,National Average,government,16,18,0,0,EUR,Gymnasium Oberstufe free,2025,https://www.iamexpat.de/education/primary-secondary-education/german-school-fees
Germany Private/Intl Schools (Avg),kindergarten,DE,National Average,private,4,6,304000,8000,EUR,"Intl preschool/Kita EUR 5,000-12,000",2025,https://expatschoolguide.com/guides/school-fees-germany/
Germany Private/Intl Schools (Avg),elementary,DE,National Average,private,7,12,456000,12000,EUR,"Mid-tier intl primary EUR 7,000-18,000",2025,https://www.tutopiya.com/blog/international-school-fees/international-school-fees-germany-guide/
Germany Private/Intl Schools (Avg),middle_school,DE,National Average,private,13,15,570000,15000,EUR,"Bavarian/Munich IS EUR 12,000-25,000",2026,https://expatschoolguide.com/guides/school-fees-germany/
Germany Private/Intl Schools (Avg),high_school,DE,National Average,private,16,18,684000,18000,EUR,IBDP premium EUR 23-32k+,2026,https://www.tutopiya.com/blog/international-school-fees/international-school-fees-germany-guide/
France Public Schools,kindergarten,FR,National Average,government,4,6,0,0,EUR,Ecole maternelle free,2024,https://www.education.gouv.fr/
France Public Schools,elementary,FR,National Average,government,7,12,0,0,EUR,Ecole elementaire free,2024,https://www.education.gouv.fr/
France Public Schools,middle_school,FR,National Average,government,13,15,0,0,EUR,College free,2024,https://www.education.gouv.fr/
France Public Schools,high_school,FR,National Average,government,16,18,0,0,EUR,Lycee free,2024,https://www.education.gouv.fr/
France Private/Intl Schools (Avg),kindergarten,FR,National Average,private,4,6,380000,10000,EUR,Paris bilingual maternelles EUR 8-14k,2026,https://www.tutopiya.com/blog/international-school-fees/international-school-fees-france-guide/
France Private/Intl Schools (Avg),elementary,FR,National Average,private,7,12,532000,14000,EUR,International primary EUR 13-20k,2026,https://www.tutopiya.com/blog/international-school-fees/international-school-fees-france-guide/
France Private/Intl Schools (Avg),middle_school,FR,National Average,private,13,15,684000,18000,EUR,International College years,2026,https://www.tutopiya.com/blog/international-school-fees/international-school-fees-france-guide/
France Private/Intl Schools (Avg),high_school,FR,National Average,private,16,18,836000,22000,EUR,International Lycee/IBDP,2026,https://www.tutopiya.com/blog/international-school-fees/international-school-fees-france-guide/
Netherlands Public Schools,kindergarten,NL,National Average,government,4,6,0,0,EUR,Free; voluntary contribution,2026,https://www.iamexpat.nl/education/primary-secondary-education/school-fees-netherlands
Netherlands Public Schools,elementary,NL,National Average,government,7,12,0,0,EUR,Basisschool free,2026,https://www.iamexpat.nl/education/primary-secondary-education/school-fees-netherlands
Netherlands Public Schools,middle_school,NL,National Average,government,13,15,0,0,EUR,VMBO/HAVO/VWO free,2026,https://www.iamexpat.nl/education/primary-secondary-education/school-fees-netherlands
Netherlands Public Schools,high_school,NL,National Average,government,16,18,0,0,EUR,Voortgezet onderwijs free,2026,https://www.iamexpat.nl/education/primary-secondary-education/school-fees-netherlands
Netherlands Private/Intl Schools (Avg),kindergarten,NL,National Average,private,4,6,570000,15000,EUR,State-subsidized intl EUR 4-9k; private 18k+,2026,https://www.iamexpat.nl/education/primary-secondary-education/school-fees-netherlands
Netherlands Private/Intl Schools (Avg),elementary,NL,National Average,private,7,12,760000,20000,EUR,"ISA Amsterdam EUR 21,940",2026,https://expatschoolguide.com/guides/school-fees-netherlands/
Netherlands Private/Intl Schools (Avg),middle_school,NL,National Average,private,13,15,912000,24000,EUR,Private intl secondary EUR 22-28k,2026,https://www.tutopiya.com/blog/international-school-fees/international-school-fees-netherlands-guide/
Netherlands Private/Intl Schools (Avg),high_school,NL,National Average,private,16,18,1064000,28000,EUR,ISA/ASH/ISH IBDP EUR 28-34k+,2026,https://expatschoolguide.com/guides/school-fees-netherlands/
Australia Government Schools (Intl Avg),kindergarten,AU,National Average,government,4,6,348000,14500,AUD,"WA Pre-primary AUD 14,575; NSW AUD 17,000",2026,https://www.schoolsinternational.wa.gov.au/tuition-fees
Australia Government Schools (Intl Avg),elementary,AU,National Average,government,7,12,372000,15500,AUD,"NSW K-6 AUD 17,000; WA AUD 14,575",2026,https://www.deinternational.nsw.edu.au/study-options/fees
Australia Government Schools (Intl Avg),middle_school,AU,National Average,government,13,15,420000,17500,AUD,"NSW Yr 7-10 AUD 18,000",2026,https://www.deinternational.nsw.edu.au/study-options/fees
Australia Government Schools (Intl Avg),high_school,AU,National Average,government,16,18,468000,19500,AUD,"NSW Yr 11-12 AUD 20,500",2026,https://www.deinternational.nsw.edu.au/study-options/fees
Australia Independent (Private) Schools,kindergarten,AU,National Average,private,4,6,240000,10000,AUD,Pre-prep/ELC,2024,https://thebursar.com.au/can-you-afford-a-private-school-average-fees-for-year-12-are-at-least-15000/
Australia Independent (Private) Schools,elementary,AU,National Average,private,7,12,360000,15000,AUD,"Primary AUD 12,500-18,000",2024,https://drstudylearning.com.au/private-school-fees-sydney/
Australia Independent (Private) Schools,middle_school,AU,National Average,private,13,15,528000,22000,AUD,Yr 7-10; elite AUD 30k+,2024,https://drstudylearning.com.au/private-school-fees-sydney/
Australia Independent (Private) Schools,high_school,AU,National Average,private,16,18,600000,25000,AUD,"Yr 12 NSW AUD 15,674 / VIC AUD 20,923",2024,https://thebursar.com.au/can-you-afford-a-private-school-average-fees-for-year-12-are-at-least-15000/
China Public Schools (Citizen),kindergarten,CN,National Average,government,4,6,0,0,CNY,Public kindergarten nominal,2024,http://www.moe.gov.cn/
China Public Schools (Citizen),elementary,CN,National Average,government,7,12,0,0,CNY,Free 9-year compulsory,2024,http://www.moe.gov.cn/
China Public Schools (Citizen),middle_school,CN,National Average,government,13,15,0,0,CNY,Free compulsory education,2024,http://www.moe.gov.cn/
China Public Schools (Citizen),high_school,CN,National Average,government,16,18,0,0,CNY,Nominal CNY 2-8k senior high,2024,http://www.moe.gov.cn/
China Intl Private Schools (Beijing/Shanghai Avg),kindergarten,CN,National Average,private,4,6,1104000,230000,CNY,ISB EY3-4 CNY 247-251k,2025,https://www.isb.cn/admissions/tuition-fees
China Intl Private Schools (Beijing/Shanghai Avg),elementary,CN,National Average,private,7,12,1344000,280000,CNY,ISB G1-5 CNY 297-303k,2025,https://www.isb.cn/admissions/tuition-fees
China Intl Private Schools (Beijing/Shanghai Avg),middle_school,CN,National Average,private,13,15,1488000,310000,CNY,"ISB G6-8 CNY 322,900",2025,https://www.scis-china.org/admissions/tuition-fees
China Intl Private Schools (Beijing/Shanghai Avg),high_school,CN,National Average,private,16,18,1656000,345000,CNY,"ISB G11-12 CNY 356,000",2025,https://www.isb.cn/admissions/tuition-fees
